start_time,end_time,speech,start_frame,end_frame
8030,9390,あれからどうしました,192,225
8030,9390,那之後怎麼樣了,192,225
10630,11610,バンドのことです,254,278
10630,11610,我是指樂隊,254,278
14160,14880,終わった,339,356
14160,14880,結束了,339,356
19530,20420,そうですか,468,489
19530,20420,是嗎,468,489
21690,23870,今度のテスト　心配だな,520,572
21690,23870,下次考試 心裡好沒底,520,572
23870,25780,ごきげんよう,572,618
23870,25780,貴安,572,618
28350,29160,ごきげんよう,679,699
28350,29160,貴安,679,699
28530,30420,もうすぐ夏休みだね,684,729
28530,30420,馬上就放暑假了啊,684,729
30420,32250,その前に期末テストだよ,729,773
30420,32250,在那之前還有期末考試呢,729,773
32250,33810,そよちゃん　余裕でしょう,773,810
32250,33810,爽世肯定輕輕鬆鬆吧,773,810
33810,35460,そんなことないよ,810,850
33810,35460,不至於啦,810,850
35460,36670,今度教えて,850,879
35460,36670,之後也教教我,850,879
37350,38920,どうしようかな,895,933
37350,38920,該怎麼辦呢,895,933
38920,41170,そよちゃんの教え方上手だもんね,933,987
38920,41170,畢竟爽世可擅長教別人了,933,987
41170,42280,そうかな,987,1013
41170,42280,是嗎,987,1013
43570,47530,一直迷茫,1044,1139
43570,47530,本字幕由喵萌Production製作  僅供交流試看之用  請勿用於商業用途\N翻譯：Ronny　後期：MIR　繁化&特效：錯黨,1044,1139
46360,47780,またダメになった,1111,1145
46360,47780,我又失敗了,1111,1145
50530,51340,全部,1211,1230
50530,51340,全部,1211,1230
52740,53500,全部,1264,1282
52740,53500,全部,1264,1282
55420,57070,悲しいのはイヤだ,1328,1368
55420,57070,我討厭悲傷,1328,1368
58390,59850,つらいのはイヤだ,1399,1434
58390,59850,我討厭難過,1399,1434
61460,63350,やらなければよかった,1473,1518
61460,63350,早知道就不該如此,1473,1518
62180,64500,かなこ　今日髪の匂い違くない,1490,1546
62180,64500,佳奈子 妳今天頭髮的氣味變了,1490,1546
64500,65580,匂いって,1546,1572
64500,65580,氣味可還行,1546,1572
65580,68000,お姉ちゃんのシャンプーを使ったってさ,1572,1630
65580,68000,她說用了姐姐的洗髮水,1572,1630
65840,66960,何もかも,1578,1605
65840,66960,一切,1578,1605
68000,69630,だよね　ちょっと…,1630,1669
68000,69630,就說嘛 有點…,1630,1669
68670,69890,何もかも,1646,1675
68670,69890,一切,1646,1675
70410,71780,燈ちゃん　おはよう,1688,1720
70410,71780,小燈 早,1688,1720
71780,72830,おはよう,1720,1746
71780,72830,早,1720,1746
74160,78330,涙も出ないのに　目の端がチリチリ痛い,1778,1878
74160,78330,淚水流不出來 眼角卻隱隱刺痛,1778,1878
76600,78910,前も怒られたでしょ,1836,1891
76600,78910,妳之前也被批評過吧,1836,1891
78910,80300,そうなの,1891,1925
78910,80300,就是啊,1891,1925
79080,80920,どうすればいいのかな,1896,1940
79080,80920,我該怎麼辦呢,1896,1940
80300,81920,でも　羨ましい,1925,1964
80300,81920,但是 我有點羨慕,1925,1964
82980,87230,伊索寓言,1989,2091
83550,86550,どう伝えればいいのか分からないのに,2003,2075
83550,86550,我不知道該怎麼表達才好,2003,2075
87230,90230,代表性的寓言\N\N\N\N《狗和影子》\N\N\N\N一條狗叼著肉要過河。\N\N\N\N渡到途中看到水裡的倒影。\N\N\N\N你這肉怎麼比我的還大。,2091,2163
87370,89670,ちゃんと話したかった,2094,2149
87370,89670,但還是想好好說出口,2094,2149
90390,92270,ちゃんと聞いてほしかった,2167,2212
90390,92270,希望妳能仔細聽我說,2167,2212
94350,97210,ちゃんと言えたら…,2262,2330
94350,97210,如果能說出口…,2262,2330
99750,100890,グチャグチャだ,2391,2418
99750,100890,一團亂麻,2391,2418
102650,103840,ダンゴムシ,2461,2489
102650,103840,西瓜蟲,2461,2489
105530,108290,たくさんの言葉が耳に詰まって,2530,2596
105530,108290,無數詞語堵住了我的耳朵,2530,2596
109750,110600,違う,2631,2651
109750,110600,不對,2631,2651
111710,114310,ワンワンと叫んで行ったり来たり,2678,2740
111710,114310,是它們汪汪叫 跑來跑去,2678,2740
115610,116670,消えていく,2771,2797
115610,116670,然後消失,2771,2797
117740,118820,違うのに,2822,2848
117740,118820,明明不該這樣,2822,2848
120120,123240,きっと　間違えてしまったんだ,2880,2954
120120,123240,一定是我做錯了,2880,2954
124710,125910,いつもそうだ,2990,3018
124710,125910,總是如此,2990,3018
126780,129110,あるのに　触れなくなってしまって,3039,3095
126780,129110,原本在身邊 卻變得遙不可及,3039,3095
129920,131920,見えるのに　なくなってしまって,3114,3162
129920,131920,原本在眼前 卻消失不見,3114,3162
133300,136000,全部　なくなってしまった,3196,3260
133300,136000,全部都消失不見,3196,3260
137050,138050,何もかも,3285,3309
137050,138050,一切,3285,3309
139530,140500,何もかも,3345,3368
139530,140500,一切,3345,3368
142170,144120,何も言わなかったから,3408,3455
142170,144120,就因為我什麼也沒說,3408,3455
144980,145830,また…,3476,3496
144980,145830,才會又…,3476,3496
146500,147460,渺小的我,3512,3535
147690,149500,人間になれなかった,3541,3584
147690,149500,沒能成為人,3541,3584
151000,153090,どこかに行ってしまいたいのに,3620,3670
151000,153090,想要離開現在的處境,3620,3670
153820,155430,いつもダメなままで,3687,3726
153820,155430,卻總是失敗,3687,3726
156030,157790,口が空っぽになって,3740,3783
156030,157790,口中變得空洞,3740,3783
158710,160590,言葉が渇いてしまった,3805,3850
158710,160590,渴望更多的詞句,3805,3850
162170,163470,どうすれば,3888,3919
162170,163470,該怎麼辦,3888,3919
172280,173700,これ倒れなくて,4130,4164
172280,173700,這個放不下去,4130,4164
173950,175400,うるさかったよね,4170,4205
173950,175400,抱歉吵到妳了,4170,4205
176970,178030,この席…,4243,4268
176970,178030,這個座位…,4243,4268
185160,187410,それでは上映を開始いたします,4439,4493
185160,187410,接下來開始播放節目,4439,4493
187410,189160,ありがとう　助かった,4493,4535
187410,189160,謝謝妳幫了我,4493,4535
188130,191410,最後までごゆっくり　お楽しみください,4510,4589
188130,191410,請放鬆身心 享受到最後一刻,4510,4589
198600,201890,以上で　本日のプログラムは終了です,4761,4840
198600,201890,今天的節目到此結束,4761,4840
202210,204420,場内　段差がございますので…,4848,4901
202210,204420,場內有台階…,4848,4901
218890,219960,危ないよ,5248,5273
218890,219960,危險,5248,5273
229000,230100,大丈夫,5490,5516
229000,230100,妳沒事吧,5490,5516
231810,233500,泣きだしそうに見えたから,5557,5598
231810,233500,我看妳好像快哭了,5557,5598
246750,249530,都会でも　北極星って見えるんだよね,5916,5982
246750,249530,即便在大都市 也能看到北極星,5916,5982
250600,253260,東京じゃ星は見えないって思ってたから,6008,6072
250600,253260,我還以為在東京看不到星星,6008,6072
253750,255670,見つけたときは驚いたな,6083,6129
253750,255670,第一次發現的時候很驚訝,6083,6129
262120,263120,おおぐま座,6284,6308
262120,263120,大熊座,6284,6308
264300,265300,こぐま座,6336,6360
264300,265300,小熊座,6336,6360
267820,269260,えっと…,6421,6455
267820,269260,還有…,6421,6455
267820,270320,渺小的我,6421,6481
271010,272320,歌みたいだね,6497,6529
271010,272320,就像歌詞一樣,6497,6529
276170,278360,歌って伝わる気がするよね,6621,6673
276170,278360,歌更容易直抵心中吧,6621,6673
278640,280290,上手に言えないことも,6680,6720
278640,280290,說不出口的話,6680,6720
280560,283140,言葉以上に　気持ちが,6726,6788
280560,283140,歌可以比話語更好地表達,6726,6788
298600,299900,伝わるといいね,7159,7190
298600,299900,但願對方能理解妳,7159,7190
309930,310830,うた,7430,7452
309930,310830,歌…,7430,7452
333420,334670,これは「うた」だ,7994,8024
333420,334670,這是「詩歌」,7994,8024
348000,350560,一緒にライブやって,8343,8405
348000,350560,和我一起Live,8343,8405
352000,353400,そよさん　どうすんの,8439,8473
352000,353400,爽世同學怎麼辦,8439,8473
361800,362600,ライブ？,8674,8693
361800,362600,Live？,8674,8693
362790,363620,ソロで？,8698,8718
362790,363620,妳一個人？,8698,8718
365340,366800,急だな,8759,8794
365340,366800,這麼突然啊,8759,8794
368080,370210,頭なら　いけるかな,8825,8876
368080,370210,開頭應該可以上,8825,8876
370210,371420,ここなんだけど,8876,8905
370210,371420,就是這裡,8876,8905
371800,373500,ちょっと短くても大丈夫,8914,8955
371800,373500,時間有點短 可以嗎,8914,8955
376230,377530,じゃ　ちょっと待ってね,9020,9051
376230,377530,那稍等下,9020,9051
380570,381600,燈が？,9124,9149
380570,381600,燈？,9124,9149
381600,383190,立希ちゃん　聞いてないの,9149,9187
381600,383190,立希 妳沒她聽說嗎,9149,9187
384330,387120,何があったか知らないし　聞かないけど,9214,9281
384330,387120,不知道妳們發生了什麼 我也不會問,9214,9281
387230,389050,おねえさん　心配だな,9284,9327
387230,389050,但姐姐好擔心妳們,9284,9327
391690,392920,いつなんですか,9391,9420
391690,392920,什麼時候,9391,9420
393500,396130,定期Live,9434,9497
393750,395970,高松って誰だろう,9440,9493
393750,395970,這是哪個高松啊,9440,9493
396130,398780,あかり？　何て読むんだろうね,9497,9561
396130,398780,Akari？ 這名字怎麼讀啊,9497,9561
399130,400070,じー,9569,9592
399130,400070,盯,9569,9592
400070,401500,凛々子さん,9592,9626
400070,401500,凜凜子姐,9592,9626
401500,402460,はーい,9626,9649
401500,402460,來了,9626,9649
402460,404110,これ　どうしましょう,9649,9688
402460,404110,這個怎麼辦,9649,9688
404750,406110,そこ置いといて,9704,9736
404750,406110,先放在那裡,9704,9736
406110,406750,はい,9736,9752
406110,406750,好,9736,9752
406750,408500,楽奈ちゃん　食べちゃダメよ,9752,9794
406750,408500,樂奈 不許偷吃哦,9752,9794
408500,409570,凛々子さん,9794,9819
408500,409570,凜凜子姐,9794,9819
409570,410500,なに,9819,9842
409570,410500,怎麼了,9819,9842
411000,411710,食べた,9854,9871
411000,411710,吃了,9854,9871
412030,413270,食べてない,9878,9908
412030,413270,沒吃,9878,9908
453630,455570,みんないなくて,10876,10922
453630,455570,大家都不在,10876,10922
456240,457640,曲もないけど,10938,10972
456240,457640,也沒有樂曲,10938,10972
458590,460490,これは詩です,10995,11040
458590,460490,這是詩歌,10995,11040
463680,469450,詠詩歌,11117,11255
466840,469450,僕は詩をうたいます,11192,11255
466840,469450,我要頌一首詩,11192,11255
471270,475100,かつて手を引いてくれた人がいて,11299,11391
471270,475100,曾經有人牽起了我的手,11299,11391
476100,478630,一緒にうたう人がいて,11414,11475
476100,478630,願意陪我一同歌唱,11414,11475
479500,481460,僕が壊してしまった,11496,11543
479500,481460,卻被我破壞了,11496,11543
481970,483140,迷子になって,11555,11583
481970,483140,我迷失了方向,11555,11583
484120,487760,迷子になって　回り道をして,11607,11694
484120,487760,就算迷失方向 繞了遠路,11607,11694
488820,491520,それでもすすむ人がいて,11719,11784
488820,491520,還是有人陪我前進,11719,11784
492560,495080,僕が手を離してしまった,11809,11870
492560,495080,可我卻鬆開了手,11809,11870
496940,500710,忘れたくなくて　失いたくなくて,11914,12005
496940,500710,我不願意失去 不希望忘卻,11914,12005
502010,505510,僕の中に残っているかけらを拾い集めて,12036,12120
502010,505510,我收集起心中殘留的碎片,12036,12120
506230,508870,それが詩になって,12137,12200
506230,508870,湊成一首詩歌,12137,12200
509580,512400,そうだ　これは詩なんだ,12217,12285
509580,512400,沒錯 這是詩歌,12217,12285
523700,527250,正しいうたい方なんて　知らないけど,12556,12641
523700,527250,我不明白該如何頌唱它,12556,12641
528600,530350,この詩を聞いてほしい,12673,12715
528600,530350,請妳聽聽這首詩歌,12673,12715
531170,533530,この詩をうたってほしい,12735,12791
531170,533530,請妳唱唱這首詩歌,12735,12791
534390,536110,もう一度僕の隣で,12812,12853
534390,536110,在我身邊再唱一次,12812,12853
536710,538090,もういない君,12868,12901
536710,538090,已經離開的妳,12868,12901
538770,540490,変わってしまった君,12917,12958
538770,540490,已經變了的妳,12917,12958
541420,542720,僕だけおいて,12981,13012
541420,542720,只將我丟下,12981,13012
543580,546580,届いて　この詩　叫んでる,13032,13104
543580,546580,我會吶喊這詩歌 讓妳聽到,13032,13104
548090,551360,この声が掠れて　涸れても,13141,13219
548090,551360,就算聲音嘶啞 枯竭,13141,13219
552400,554740,この詩が届くその時まで,13244,13300
552400,554740,直到這詩歌唱入妳的心中,13244,13300
555570,558410,うたい続けるって　決めたんだ,13320,13388
555570,558410,我發誓會不斷地詠唱,13320,13388
570530,572250,おもしれー女…,13679,13720
570530,572250,有趣的女…,13679,13720
572430,573200,の子,13724,13743
572430,573200,女生,13724,13743
578650,581250,燈ちゃん　１人でライブやってるんだって,13873,13936
578650,581250,聽說小燈在一個人開Live,13873,13936
581720,582460,バンドは,13947,13965
581720,582460,她樂隊呢,13947,13965
582460,584600,時々ギターの子がいて,13965,14016
582460,584600,有時彈結他的女孩會在,13965,14016
585320,587700,なんかウワサになってるっぽくて,14033,14090
585320,587700,好像引起了熱議,14033,14090
587700,589990,こんなの初めてなんだけど,14090,14145
587700,589990,我還真沒見過這樣的,14090,14145
589990,592100,歌詞　前と違うよね,14145,14196
589990,592100,歌詞 跟之前不一樣了吧,14145,14196
592100,594450,ギターもアレンジ変えてきてるし,14196,14252
592100,594450,結他的編曲也一直在變,14196,14252
594450,596630,面白い子たち出てきたね,14252,14304
594450,596630,出現了兩個有趣的女孩,14252,14304
596890,597900,燈ちゃん,14311,14335
596890,597900,小燈,14311,14335
598140,599880,昨日行ったよ　ライブ,14341,14382
598140,599880,昨天我去看妳的Live了,14341,14382
599880,601610,朗読すごかったよ,14382,14424
599880,601610,妳的朗讀好棒啊,14382,14424
601610,603460,私泣いちゃって,14424,14468
601610,603460,我都聽哭了,14424,14468
603460,604120,次いつやるの,14468,14484
603460,604120,下次是什麼時候,14468,14484
604120,606960,燈ちゃん　なんかすごいことになってるね,14484,14552
604120,606960,小燈好像火得不得了了,14484,14552
607460,608670,そうだね,14564,14593
607460,608670,是啊,14564,14593
608860,611170,やっぱり　要らないじゃん,14598,14653
608860,611170,反正不需要我,14598,14653
611580,613970,なんで野良猫が燈とやってるわけ,14663,14720
611580,613970,為什麼流浪貓和燈在一起,14663,14720
613970,617100,楽奈ちゃんは面白いことが大好きだからね,14720,14795
613970,617100,因為樂奈最喜歡有趣的事了,14720,14795
617100,618870,立希ちゃんは一緒にやらないの,14795,14838
617100,618870,立希也一起上臺吧,14795,14838
618870,619780,私は…,14838,14859
618870,619780,我…,14838,14859
620600,621600,ドラムやって,14879,14903
620600,621600,來打鼓,14879,14903
622210,623350,バイト中なんだけど,14918,14945
622210,623350,我還在打工呢,14918,14945
623690,625050,大丈夫だよ,14953,14986
623690,625050,沒事的,14953,14986
625940,626480,ちょっと,15007,15020
625940,626480,等下,15007,15020
626480,627230,いってらっしゃい,15020,15038
626480,627230,一路走好,15020,15038
627230,628730,引っ張るな　野良猫,15038,15074
627230,628730,別扯我 流浪貓,15038,15074
629170,630030,私は…,15084,15105
629170,630030,我…,15084,15105
631600,633990,僕には世界がとおくて,15143,15200
631600,633990,世界離我那麼遙遠,15143,15200
634390,637990,ひとりぼっちの星を　ぐるぐる　ぐるぐる,15210,15296
634390,637990,孤獨之星 不斷地轉著,15210,15296
638350,640630,精一杯背伸びしたって,15305,15359
638350,640630,就算拚盡全力逞強,15305,15359
640860,642770,にんげんになれなかった,15365,15411
640860,642770,也沒能成為人,15365,15411
643920,645350,春の陽だまりは…,15438,15472
643920,645350,春天的暖陽…,15438,15472
677760,680390,だけど　詩をうたわなきゃ,16249,16313
677760,680390,但是 我必須唱出這詩歌,16249,16313
681320,683070,傷つけたくなかった,16335,16377
681320,683070,我不希望傷害到妳,16335,16377
683480,685420,手を離したくなかった,16387,16433
683480,685420,也不願放開手,16387,16433
686550,689300,ごめんなさい　たいせつなひと,16460,16526
686550,689300,對不起 我親愛的人,16460,16526
690030,693740,伝えたい思いは　いつも喉が張り付いて,16544,16633
690030,693740,想要表達的情感 總是黏在喉頭,16544,16633
693740,695390,こえにならないから,16633,16672
693740,695390,變不成聲音,16633,16672
696450,699350,せめて残したい　この詩を,16698,16767
696450,699350,但我至少希望留下這首詩歌,16698,16767
707850,710100,燈のこと考えてるつもりで,16971,17025
707850,710100,我以為自己是為妳著想,16971,17025
710680,711850,考えてなかった,17039,17067
710680,711850,其實根本沒有,17039,17067
713340,715430,勝手に海鈴に声かけて　ごめん,17103,17153
713340,715430,是我自作主張叫海鈴來 對不起,17103,17153
716490,718860,バンドヤダって言ってたのに　ライブするし,17178,17235
716490,718860,妳說討厭樂隊 卻還是上臺Live,17178,17235
719680,722450,なに考えてるか　全然分かんなかったけど,17255,17321
719680,722450,我完全沒搞明白妳是怎麼想的,17255,17321
723750,724370,でも…,17352,17367
723750,724370,但是…,17352,17367
726250,728260,燈の歌を聞いて　分かった,17412,17460
726250,728260,聽了妳的歌 我明白了,17412,17460
734820,735750,立希ちゃん,17618,17640
734820,735750,立希,17618,17640
737010,739030,来てくれて　ありがとう,17670,17719
737010,739030,謝謝妳願意回來,17670,17719
739890,740580,燈…,17739,17756
739890,740580,燈…,17739,17756
746140,747570,睦ちゃん,17889,17923
746140,747570,小睦,17889,17923
754810,756560,そよ　どうするの,18097,18139
754810,756560,爽世 怎麼辦,18097,18139
757030,758290,なんで知ってんの,18150,18180
757030,758290,妳怎麼知道的,18150,18180
758290,760110,そよちゃん　どうしてる,18180,18224
758290,760110,爽世怎麼樣了,18180,18224
761320,764280,そよは　分からなくなってる,18253,18324
761320,764280,爽世 不知道該如何是好了,18253,18324
764280,765060,何が？,18324,18343
764280,765060,什麼？,18324,18343
766040,766670,ちょっ,18366,18381
766040,766670,等下,18366,18381
774070,775540,愛音ちゃん　おはよう,18559,18594
774070,775540,愛音 早,18559,18594
775540,776420,おはよう,18594,18615
775540,776420,早,18594,18615
776420,777490,おはよう,18615,18641
776420,777490,早,18615,18641
782230,783580,ギター弾いて,18754,18787
782230,783580,來彈結他,18754,18787
786000,787610,一緒にライブやって,18845,18883
786000,787610,一起開Live,18845,18883
788670,790000,私　要らないでしょ,18909,18941
788670,790000,不需要我吧,18909,18941
790000,790660,要る,18941,18956
790000,790660,需要,18941,18956
791310,792930,愛音ちゃん要るよ,18972,19011
791310,792930,我需要愛音,18972,19011
792930,794110,愛音ちゃんがいないと,19011,19039
792930,794110,不能沒有妳,19011,19039
794110,795590,大声出さないでよ,19039,19075
794110,795590,別這麼大聲啊,19039,19075
795820,797690,ギター弾いて,19080,19125
795820,797690,來彈結他,19080,19125
804390,805390,愛音ちゃん,19286,19310
804390,805390,愛音,19286,19310
806820,808010,ついてこないで,19344,19372
806820,808010,別跟過來,19344,19372
809690,810870,愛音ちゃん,19413,19441
809690,810870,愛音,19413,19441
810870,811960,しつこい,19441,19467
810870,811960,好難纏,19441,19467
825150,826890,ギターもういるでしょ,19783,19825
825150,826890,不是有結他了嗎,19783,19825
826890,828700,一緒にやろうって言った,19825,19868
826890,828700,說好了要一起,19825,19868
829100,831140,バンド　私に,19878,19927
829100,831140,組樂隊 和我,19878,19927
831530,833890,本当にやりたかったわけじゃないし,19936,19993
831530,833890,我也不是真的想玩樂隊,19936,19993
834520,837270,だったら　どうして誘ったの,20008,20074
834520,837270,那妳為什麼邀請我,20008,20074
837270,838640,別にいいでしょ,20074,20107
837270,838640,有什麼關係嗎,20074,20107
838640,839530,愛音ちゃん,20107,20128
838640,839530,愛音,20107,20128
841410,842480,見栄だよ,20173,20199
841410,842480,因為虛榮啊,20173,20199
848640,851910,愛音ちゃんは　必死でもがいてて,20347,20425
848640,851910,妳是那麼拚命奮鬥,20347,20425
856320,860850,そよちゃんも　私も　迷子だから,20531,20639
856320,860850,爽世和我 都是迷路的孩子,20531,20639
863120,864050,一緒に…,20694,20716
863120,864050,一起…,20694,20716
866460,868120,一緒に迷子になろう,20774,20814
866460,868120,一起迷路吧,20774,20814
880520,881740,あーあ,21111,21140
880520,881740,唉,21111,21140
884880,886470,燈ちゃんのせいだよ,21215,21254
884880,886470,都怪妳,21215,21254
892180,892970,そよさん,21390,21409
892180,892970,爽世同學,21390,21409
898600,899710,話があるの,21544,21571
898600,899710,我有話跟妳說,21544,21571
900640,901580,待って,21593,21616
900640,901580,等下,21593,21616
902830,903720,そよさん,21646,21667
902830,903720,爽世同學,21646,21667
903720,904670,ついてこないで,21667,21690
903720,904670,別跟過來,21667,21690
905040,907230,話聞いてくれるまでついてくから,21699,21751
905040,907230,妳不聽我說 我就一直跟著,21699,21751
928210,928980,入れば,22254,22273
928210,928980,進來吧,22254,22273
935290,938460,超高級ホテルすぎて　生活感ゼロじゃん,22424,22500
935290,938460,簡直是豪華酒店 毫無生活氣息啊,22424,22500
938780,940570,まさか１人暮らしとか,22508,22551
938780,940570,妳不會是一個人住吧,22508,22551
940570,941890,母親と住んでる,22551,22582
940570,941890,我母親也住在這,22551,22582
942990,943790,ありがとう,22609,22628
942990,943790,謝謝,22609,22628
945670,946780,この香り,22673,22700
945670,946780,這個香氣,22673,22700
947460,950180,初めて会ったときに　おそろいで飲んだやつだ,22716,22781
947460,950180,是我們第一次見面時 一起喝過的,22716,22781
950570,952350,よく私と話せるね,22790,22833
950570,952350,妳居然還能來找我說話,22790,22833
953450,954780,全部聞いたんでしょ,22859,22891
953450,954780,妳都聽說了吧,22859,22891
955110,955960,聞いたよ,22899,22920
955110,955960,聽說了,22899,22920
956390,957610,ムカついたけど,22930,22959
956390,957610,雖然很來氣,22930,22959
957610,960260,そよさんも人間なんだなあって思って,22959,23023
957610,960260,但也讓我覺得 爽世同學也是普通人,22959,23023
962310,963730,裏表すごいし,23072,23106
962310,963730,表裡不一,23072,23106
963730,965190,ウソつきまくりだし,23106,23141
963730,965190,滿嘴謊言,23106,23141
965730,967450,意地悪いとことかあるでしょ,23154,23195
965730,967450,還有好多壞心眼吧,23154,23195
967620,968850,ケンカ売ってるの,23199,23229
967620,968850,妳要吵架嗎,23199,23229
969190,970410,迷子なんだって,23237,23266
969190,970410,妳是迷路的孩子,23237,23266
971160,972690,燈ちゃんが言ってたよ,23284,23321
971160,972690,小燈說的,23284,23321
972690,973640,なにそれ,23321,23344
972690,973640,什麼意思,23321,23344
973640,975260,燈ちゃんは待ってる,23344,23382
973640,975260,小燈在等妳,23344,23382
977940,980280,あんたが私を要らないって言おうが,23447,23503
977940,980280,就算妳說不需要我,23447,23503
980280,981550,私はやるけど,23503,23533
980280,981550,我還要繼續,23503,23533
982330,984000,見栄で始めたくせに,23552,23592
982330,984000,妳明明一開始只是想出風頭,23552,23592
984460,985370,そうだよ,23603,23625
984460,985370,沒錯,23603,23625
986120,987980,私たちが始めたバンドじゃん,23643,23687
986120,987980,這是我們開創的樂隊啊,23643,23687
992880,993780,だったら…,23805,23826
992880,993780,既然如此…,23805,23826
995250,997030,私が終わらせてあげる,23862,23904
995250,997030,我來親手結束它,23862,23904
1000270,1001900,次　燈ちゃんだ,23982,24021
1000270,1001900,下一個就是小燈了,23982,24021
1001900,1003740,お客さん増えたね,24021,24065
1001900,1003740,觀眾又變多了啊,24021,24065
1007950,1009930,すごいお客さんじゃん,24166,24214
1007950,1009930,好多觀眾啊,24166,24214
1010150,1011210,やっと来た,24219,24244
1010150,1011210,總算來了,24219,24244
1011210,1012450,「やっと」って,24244,24274
1011210,1012450,什麼總算啊,24244,24274
1013030,1014290,愛音ちゃん,24288,24318
1013030,1014290,愛音,24288,24318
1018000,1019420,準備できてんの,24407,24441
1018000,1019420,準備好了嗎,24407,24441
1020100,1021120,はいはい,24457,24482
1020100,1021120,好了好了,24457,24482
1026330,1027790,ちょ　燈？,24607,24642
1026330,1027790,燈？,24607,24642
1030240,1031640,前　あの…,24701,24734
1030240,1031640,前面 讓下…,24701,24734
1038550,1040460,ちょ…　ちょっと,24900,24946
1038550,1040460,別…,24900,24946
1041250,1042230,離して,24965,24988
1041250,1042230,放開我,24965,24988
1047690,1049620,ちょ…　ちょっと,25119,25165
1047690,1049620,等… 等下,25119,25165
1049920,1051500,勘違いしないで,25172,25210
1049920,1051500,妳別誤會了,25172,25210
1051500,1052960,終わらせに来たの,25210,25245
1051500,1052960,我是來結束一切的,25210,25245
1068960,1069970,ちょっと,25629,25653
1068960,1069970,喂,25629,25653
1087290,1090160,僕にはわからないんだ　いつも,26068,26137
1087290,1090160,我不明白 總是不明白,26068,26137
1090690,1093510,みつけられない　正解も普通も,26150,26218
1090690,1093510,尋不到正解 做不到普通,26150,26218
1094070,1097250,世界はずっとずっとずっと遠く,26231,26307
1094070,1097250,世界離我那麼那麼那麼遠,26231,26307
1097620,1100100,僕には届かない場所にあるんだ,26316,26376
1097620,1100100,遠在我遙不可及的地方,26316,26376
1100410,1102640,ひだまりを抱きしめていた春も,26383,26436
1100410,1102640,擁抱過溫暖陽光的春天,26383,26436
1102960,1106100,夏が照らしすぎて消えてしまいそうで,26444,26519
1102960,1106100,也將被盛夏的烈日燃盡,26444,26519
1106440,1109350,アスファルトで干からびてしまうなら僕は,26528,26597
1106440,1109350,若終究要枯於瀝青路上,26528,26597
1109690,1113670,ずっと石の下に隠れていたかった,26605,26701
1109690,1113670,我寧願永遠躲在石頭陰影下,26605,26701
1138170,1140990,ふたたび　僕が壊してしまったんだ,27288,27356
1138170,1140990,又一次 是我破壞了一切,27288,27356
1140990,1143920,失いたくなくて　忘れたくなくて,27356,27426
1140990,1143920,我不願意失去 不希望忘卻,27356,27426
1143920,1146530,なのに力なく手を離してしまった,27426,27489
1143920,1146530,但無力的我還是鬆開了手,27426,27489
1146530,1148890,たいせつと　僕は知っていたのに,27489,27545
1146530,1148890,明知珍重之物要離我而去,27489,27545
1148890,1151210,ああ　ぐちゃぐちゃになってしまったけど,27545,27601
1148890,1151210,雖然已經變得一團亂麻,27545,27601
1151210,1153600,すべて消えてしまったのでないのなら,27601,27658
1151210,1153600,只要還未到一切都消失之時,27601,27658
1153600,1154830,戻りたい,27658,27688
1153600,1154830,我就想要回去,27658,27688
1154830,1155970,伝えたい,27688,27715
1154830,1155970,想要告訴妳們,27688,27715
1155970,1159460,ゆるされるなら　僕はあきらめたくない,27715,27799
1155970,1159460,如果能得到原諒 我堅決不願放棄,27715,27799
1159460,1161750,誰にも見つけてほしくなかった,27799,27854
1159460,1161750,我原本不希望被任何人發現,27799,27854
1162100,1164390,なのにきみといることが,27862,27917
1162100,1164390,然而妳出現在我身邊,27862,27917
1164390,1168070,どんなに嬉しかったかも　まだちゃんと言えてないから,27917,28005
1164390,1168070,我還沒來得及告訴妳 我多麼欣喜,27917,28005
1168070,1169140,だから,28005,28031
1168070,1169140,所以啊,28005,28031
1169140,1171330,傷つけたくなんかなかった,28031,28083
1169140,1171330,我不希望傷害到妳,28031,28083
1171330,1174040,こんなふうに離れたくなかった,28083,28148
1171330,1174040,也不願就此分離,28083,28148
1174040,1176460,僕は一体どうすればいい？,28148,28206
1174040,1176460,我究竟該怎麼做？,28148,28206
1176460,1178670,上手く言えなかった言葉,28206,28259
1176460,1178670,未能說出口的話語,28206,28259
1179390,1181780,それでも届けたい言葉,28277,28334
1179390,1181780,依然想要送到妳心中,28277,28334
1191720,1197630,うたううた　うたういま　ああ届いて,28572,28714
1191720,1197630,詠唱詩句 謳歌於當下 請妳聽聽,28572,28714
1197630,1201790,君の胸に　まだ間に合うかい,28714,28814
1197630,1201790,它還來得及送入妳的心中嗎,28714,28814
1201790,1205540,こころを叫ぶ,28814,28904
1201790,1205540,吶喊出心聲,28814,28904
1205540,1209400,言葉を超えるため,28904,28996
1205540,1209400,只為超越話語,28904,28996
1209400,1215070,たったひとつのやりかただから　ああ,28996,29132
1209400,1215070,因為這是我唯一的方法,28996,29132
1215730,1220230,きみに届くまでうたう,29148,29256
1215730,1220230,直到唱入妳的心中,29148,29256
1234880,1237280,一緒に泣きたいよ,29607,29665
1234880,1237280,想與妳一同流淚,29607,29665
1237540,1239420,一緒に笑いたいよ,29671,29716
1237540,1239420,願和妳一起歡笑,29671,29716
1239850,1244720,僕らの道が平行線だとしても,29726,29843
1239850,1244720,即便我們的前路無法相交,29726,29843
1244720,1247270,昨日を握ったまま,29843,29904
1244720,1247270,依然緊握過去的時光,29843,29904
1247270,1249850,ズキズキ震えてる,29904,29966
1247270,1249850,妳的心抽動著顫抖著,29904,29966
1249850,1256220,痛いほど伝わるから　きみを離れない,29966,30119
1249850,1256220,讓我銘心刻骨 不再與妳分離,29966,30119
1269360,1275770,うたう　手と手をつなぐうた,30434,30587
1269360,1275770,高唱掌心之間的詩歌,30434,30587
1275770,1282760,ほどきたくないんだ　ずっと一緒にいよう,30587,30755
1275770,1282760,願心間牽絆不再鬆開 永遠不分離,30587,30755
1282760,1290730,うたう　僕らになれるうた　うたう,30755,30946
1282760,1290730,高唱成就我們的詩歌,30755,30946
1290730,1299680,ここではじめようもう一度,30946,31161
1290730,1299680,就從這裡重新來過吧,30946,31161
1315060,1315780,“,31529,31547
1315060,1315780,“,31529,31547
1315060,1315780,“,31529,31547
1315060,1315780,「,31529,31547
1315060,1315780,「,31529,31547
1315060,1315780,「,31529,31547
1315110,1315840,普,31531,31548
1315110,1315840,普,31531,31548
1315110,1315840,普,31531,31548
1315110,1315840,普,31531,31548
1315110,1315840,普,31531,31548
1315110,1315840,普,31531,31548
1315170,1315890,通,31532,31549
1315170,1315890,通,31532,31549
1315170,1315890,通,31532,31549
1315170,1315890,通,31532,31549
1315170,1315890,通,31532,31549
1315170,1315890,通,31532,31549
1315240,1315960,”,31534,31551
1315240,1315960,”,31534,31551
1315240,1315960,”,31534,31551
1315240,1315960,」,31534,31551
1315240,1315960,」,31534,31551
1315240,1315960,」,31534,31551
1315290,1316020,と,31535,31552
1315290,1316020,と,31535,31552
1315290,1316020,と,31535,31552
1315290,1316020,和,31535,31552
1315290,1316020,和,31535,31552
1315290,1316020,和,31535,31552
1315350,1316070,か,31536,31554
1315350,1316070,か,31536,31554
1315350,1316070,か,31536,31554
1315350,1316070,「,31536,31554
1315350,1316070,「,31536,31554
1315350,1316070,「,31536,31554
1315420,1316140,“,31538,31555
1315420,1316140,“,31538,31555
1315420,1316140,“,31538,31555
1315420,1316140,理,31538,31555
1315420,1316140,理,31538,31555
1315420,1316140,理,31538,31555
1315470,1316200,あ,31539,31557
1315470,1316200,あ,31539,31557
1315470,1316200,あ,31539,31557
1315470,1316200,所,31539,31557
1315470,1316200,所,31539,31557
1315470,1316200,所,31539,31557
1315530,1316250,た,31541,31558
1315530,1316250,た,31541,31558
1315530,1316250,た,31541,31558
1315530,1316250,當,31541,31558
1315530,1316250,當,31541,31558
1315530,1316250,當,31541,31558
1315600,1316320,り,31542,31560
1315600,1316320,り,31542,31560
1315600,1316320,り,31542,31560
1315600,1316320,然,31542,31560
1315600,1316320,然,31542,31560
1315600,1316320,然,31542,31560
1315650,1316380,ま,31544,31561
1315650,1316380,ま,31544,31561
1315650,1316380,ま,31544,31561
1315650,1316380,」,31544,31561
1315650,1316380,」,31544,31561
1315650,1316380,」,31544,31561
1315670,1320380,“,31544,31657
1315670,1320380,“,31544,31657
1315670,1320380,“,31544,31657
1315670,1320380,「,31544,31657
1315670,1320380,「,31544,31657
1315670,1320380,「,31544,31657
1315710,1316430,え,31545,31562
1315710,1316430,え,31545,31562
1315710,1316430,え,31545,31562
1315710,1316430,是,31545,31562
1315710,1316430,是,31545,31562
1315710,1316430,是,31545,31562
1315740,1320440,普,31546,31658
1315740,1320440,普,31546,31658
1315740,1320440,普,31546,31658
1315740,1320440,普,31546,31658
1315740,1320440,普,31546,31658
1315740,1320440,普,31546,31658
1315780,1316500,”,31547,31564
1315780,1316500,”,31547,31564
1315780,1316500,”,31547,31564
1315780,1316500,什,31547,31564
1315780,1316500,什,31547,31564
1315780,1316500,什,31547,31564
1315790,1320500,通,31547,31660
1315790,1320500,通,31547,31660
1315790,1320500,通,31547,31660
1315790,1320500,通,31547,31660
1315790,1320500,通,31547,31660
1315790,1320500,通,31547,31660
1315840,1316560,っ,31548,31565
1315840,1316560,っ,31548,31565
1315840,1316560,っ,31548,31565
1315840,1316560,麼,31548,31565
1315840,1316560,麼,31548,31565
1315840,1316560,麼,31548,31565
1315850,1320560,”,31548,31661
1315850,1320560,”,31548,31661
1315850,1320560,”,31548,31661
1315850,1320560,」,31548,31661
1315850,1320560,」,31548,31661
1315850,1320560,」,31548,31661
1315890,1316610,て,31549,31567
1315890,1316610,て,31549,31567
1315890,1316610,て,31549,31567
1315890,1316610,呢,31549,31567
1315890,1316610,呢,31549,31567
1315890,1316610,呢,31549,31567
1315920,1320620,と,31550,31663
1315920,1320620,と,31550,31663
1315920,1320620,と,31550,31663
1315920,1320620,和,31550,31663
1315920,1320620,和,31550,31663
1315920,1320620,和,31550,31663
1315960,1316670,な,31551,31568
1315960,1316670,な,31551,31568
1315960,1316670,な,31551,31568
1315970,1320680,か,31551,31664
1315970,1320680,か,31551,31664
1315970,1320680,か,31551,31664
1315970,1320680,「,31551,31664
1315970,1320680,「,31551,31664
1315970,1320680,「,31551,31664
1316020,1316740,ん,31552,31570
1316020,1316740,ん,31552,31570
1316020,1316740,ん,31552,31570
1316030,1320740,“,31553,31666
1316030,1320740,“,31553,31666
1316030,1320740,“,31553,31666
1316030,1320740,理,31553,31666
1316030,1320740,理,31553,31666
1316030,1320740,理,31553,31666
1316070,1316790,だ,31554,31571
1316070,1316790,だ,31554,31571
1316070,1316790,だ,31554,31571
1316100,1320800,あ,31554,31667
1316100,1320800,あ,31554,31667
1316100,1320800,あ,31554,31667
1316100,1320800,所,31554,31667
1316100,1320800,所,31554,31667
1316100,1320800,所,31554,31667
1316140,1316850,ろ,31555,31572
1316140,1316850,ろ,31555,31572
1316140,1316850,ろ,31555,31572
1316150,1320860,た,31556,31668
1316150,1320860,た,31556,31668
1316150,1320860,た,31556,31668
1316150,1320860,當,31556,31668
1316150,1320860,當,31556,31668
1316150,1320860,當,31556,31668
1316200,1316920,う,31557,31574
1316200,1316920,う,31557,31574
1316200,1316920,う,31557,31574
1316210,1320920,り,31557,31670
1316210,1320920,り,31557,31670
1316210,1320920,り,31557,31670
1316210,1320920,然,31557,31670
1316210,1320920,然,31557,31670
1316210,1320920,然,31557,31670
1316280,1320980,ま,31559,31671
1316280,1320980,ま,31559,31671
1316280,1320980,ま,31559,31671
1316280,1320980,」,31559,31671
1316280,1320980,」,31559,31671
1316280,1320980,」,31559,31671
1316340,1321040,え,31560,31673
1316340,1321040,え,31560,31673
1316340,1321040,え,31560,31673
1316340,1321040,是,31560,31673
1316340,1321040,是,31560,31673
1316340,1321040,是,31560,31673
1316390,1321100,”,31561,31674
1316390,1321100,”,31561,31674
1316390,1321100,”,31561,31674
1316390,1321100,什,31561,31674
1316390,1321100,什,31561,31674
1316390,1321100,什,31561,31674
1316460,1321150,っ,31563,31675
1316460,1321150,っ,31563,31675
1316460,1321150,っ,31563,31675
1316460,1321150,麼,31563,31675
1316460,1321150,麼,31563,31675
1316460,1321150,麼,31563,31675
1316520,1321210,て,31564,31677
1316520,1321210,て,31564,31677
1316520,1321210,て,31564,31677
1316520,1321210,呢,31564,31677
1316520,1321210,呢,31564,31677
1316520,1321210,呢,31564,31677
1316570,1321280,な,31566,31679
1316570,1321280,な,31566,31679
1316570,1321280,な,31566,31679
1316640,1321340,ん,31567,31680
1316640,1321340,ん,31567,31680
1316640,1321340,ん,31567,31680
1316700,1321390,だ,31569,31681
1316700,1321390,だ,31569,31681
1316700,1321390,だ,31569,31681
1316750,1321460,ろ,31570,31683
1316750,1321460,ろ,31570,31683
1316750,1321460,ろ,31570,31683
1316820,1321520,う,31572,31684
1316820,1321520,う,31572,31684
1316820,1321520,う,31572,31684
1320730,1321440,今,31665,31682
1320730,1321440,今,31665,31682
1320730,1321440,今,31665,31682
1320730,1321440,我,31665,31682
1320730,1321440,我,31665,31682
1320730,1321440,我,31665,31682
1320790,1321510,手,31667,31684
1320790,1321510,手,31667,31684
1320790,1321510,手,31667,31684
1320790,1321510,手,31667,31684
1320790,1321510,手,31667,31684
1320790,1321510,手,31667,31684
1320850,1321570,に,31668,31685
1320850,1321570,に,31668,31685
1320850,1321570,に,31668,31685
1320850,1321570,裡,31668,31685
1320850,1321570,裡,31668,31685
1320850,1321570,裡,31668,31685
1320910,1321620,あ,31670,31687
1320910,1321620,あ,31670,31687
1320910,1321620,あ,31670,31687
1320910,1321620,拿,31670,31687
1320910,1321620,拿,31670,31687
1320910,1321620,拿,31670,31687
1320970,1321690,る,31671,31688
1320970,1321690,る,31671,31688
1320970,1321690,る,31671,31688
1320970,1321690,著,31671,31688
1320970,1321690,著,31671,31688
1320970,1321690,著,31671,31688
1321030,1321750,物,31673,31690
1321030,1321750,物,31673,31690
1321030,1321750,物,31673,31690
1321030,1321750,尺,31673,31690
1321030,1321750,尺,31673,31690
1321030,1321750,尺,31673,31690
1321090,1321810,差,31674,31691
1321090,1321810,差,31674,31691
1321090,1321810,差,31674,31691
1321090,1321810,子,31674,31691
1321090,1321810,子,31674,31691
1321090,1321810,子,31674,31691
1321140,1321870,し,31675,31693
1321140,1321870,し,31675,31693
1321140,1321870,し,31675,31693
1321200,1321930,で,31677,31694
1321200,1321930,で,31677,31694
1321200,1321930,で,31677,31694
1321270,1321990,は,31678,31696
1321270,1321990,は,31678,31696
1321270,1321990,は,31678,31696
1321350,1324210,今,31680,31749
1321350,1324210,今,31680,31749
1321350,1324210,今,31680,31749
1321350,1324210,我,31680,31749
1321350,1324210,我,31680,31749
1321350,1324210,我,31680,31749
1321400,1324280,手,31681,31750
1321400,1324280,手,31681,31750
1321400,1324280,手,31681,31750
1321400,1324280,手,31681,31750
1321400,1324280,手,31681,31750
1321400,1324280,手,31681,31750
1321470,1324330,に,31683,31752
1321470,1324330,に,31683,31752
1321470,1324330,に,31683,31752
1321470,1324330,裡,31683,31752
1321470,1324330,裡,31683,31752
1321470,1324330,裡,31683,31752
1321530,1324400,あ,31685,31753
1321530,1324400,あ,31685,31753
1321530,1324400,あ,31685,31753
1321530,1324400,拿,31685,31753
1321530,1324400,拿,31685,31753
1321530,1324400,拿,31685,31753
1321590,1324460,る,31686,31755
1321590,1324460,る,31686,31755
1321590,1324460,る,31686,31755
1321590,1324460,著,31686,31755
1321590,1324460,著,31686,31755
1321590,1324460,著,31686,31755
1321640,1324510,物,31687,31756
1321640,1324510,物,31687,31756
1321640,1324510,物,31687,31756
1321640,1324510,尺,31687,31756
1321640,1324510,尺,31687,31756
1321640,1324510,尺,31687,31756
1321710,1324580,差,31689,31758
1321710,1324580,差,31689,31758
1321710,1324580,差,31689,31758
1321710,1324580,子,31689,31758
1321710,1324580,子,31689,31758
1321710,1324580,子,31689,31758
1321770,1324630,し,31690,31759
1321770,1324630,し,31690,31759
1321770,1324630,し,31690,31759
1321830,1324700,で,31692,31761
1321830,1324700,で,31692,31761
1321830,1324700,で,31692,31761
1321880,1324750,は,31693,31762
1321880,1324750,は,31693,31762
1321880,1324750,は,31693,31762
1323600,1324330,全,31734,31752
1323600,1324330,全,31734,31752
1323600,1324330,全,31734,31752
1323600,1324330,卻,31734,31752
1323600,1324330,卻,31734,31752
1323600,1324330,卻,31734,31752
1323670,1324380,然,31736,31753
1323670,1324380,然,31736,31753
1323670,1324380,然,31736,31753
1323670,1324380,根,31736,31753
1323670,1324380,根,31736,31753
1323670,1324380,根,31736,31753
1323730,1324450,上,31737,31755
1323730,1324450,上,31737,31755
1323730,1324450,上,31737,31755
1323730,1324450,本,31737,31755
1323730,1324450,本,31737,31755
1323730,1324450,本,31737,31755
1323790,1324500,手,31739,31756
1323790,1324500,手,31739,31756
1323790,1324500,手,31739,31756
1323790,1324500,量,31739,31756
1323790,1324500,量,31739,31756
1323790,1324500,量,31739,31756
1323850,1324570,く,31740,31757
1323850,1324570,く,31740,31757
1323850,1324570,く,31740,31757
1323850,1324570,不,31740,31757
1323850,1324570,不,31740,31757
1323850,1324570,不,31740,31757
1323910,1324620,測,31742,31759
1323910,1324620,測,31742,31759
1323910,1324620,測,31742,31759
1323910,1324620,清,31742,31759
1323910,1324620,清,31742,31759
1323910,1324620,清,31742,31759
1323970,1324690,れ,31743,31760
1323970,1324690,れ,31743,31760
1323970,1324690,れ,31743,31760
1323970,1324690,楚,31743,31760
1323970,1324690,楚,31743,31760
1323970,1324690,楚,31743,31760
1324030,1324750,な,31744,31762
1324030,1324750,な,31744,31762
1324030,1324750,な,31744,31762
1324080,1324800,く,31746,31763
1324080,1324800,く,31746,31763
1324080,1324800,く,31746,31763
1324150,1324870,っ,31747,31765
1324150,1324870,っ,31747,31765
1324150,1324870,っ,31747,31765
1324200,1324920,て,31749,31766
1324200,1324920,て,31749,31766
1324200,1324920,て,31749,31766
1324230,1327170,全,31749,31820
1324230,1327170,全,31749,31820
1324230,1327170,全,31749,31820
1324230,1327170,卻,31749,31820
1324230,1327170,卻,31749,31820
1324230,1327170,卻,31749,31820
1324290,1327240,然,31751,31821
1324290,1327240,然,31751,31821
1324290,1327240,然,31751,31821
1324290,1327240,根,31751,31821
1324290,1327240,根,31751,31821
1324290,1327240,根,31751,31821
1324340,1327290,上,31752,31823
1324340,1327290,上,31752,31823
1324340,1327290,上,31752,31823
1324340,1327290,本,31752,31823
1324340,1327290,本,31752,31823
1324340,1327290,本,31752,31823
1324410,1327360,手,31754,31824
1324410,1327360,手,31754,31824
1324410,1327360,手,31754,31824
1324410,1327360,量,31754,31824
1324410,1327360,量,31754,31824
1324410,1327360,量,31754,31824
1324460,1327410,く,31755,31826
1324460,1327410,く,31755,31826
1324460,1327410,く,31755,31826
1324460,1327410,不,31755,31826
1324460,1327410,不,31755,31826
1324460,1327410,不,31755,31826
1324530,1327480,測,31756,31827
1324530,1327480,測,31756,31827
1324530,1327480,測,31756,31827
1324530,1327480,清,31756,31827
1324530,1327480,清,31756,31827
1324530,1327480,清,31756,31827
1324580,1327540,れ,31758,31829
1324580,1327540,れ,31758,31829
1324580,1327540,れ,31758,31829
1324580,1327540,楚,31758,31829
1324580,1327540,楚,31758,31829
1324580,1327540,楚,31758,31829
1324650,1327590,な,31759,31830
1324650,1327590,な,31759,31830
1324650,1327590,な,31759,31830
1324710,1327660,く,31761,31832
1324710,1327660,く,31761,31832
1324710,1327660,く,31761,31832
1324760,1327710,っ,31762,31833
1324760,1327710,っ,31762,31833
1324760,1327710,っ,31762,31833
1324830,1327780,て,31764,31834
1324830,1327780,て,31764,31834
1324830,1327780,て,31764,31834
1326780,1327500,吐,31810,31828
1326780,1327500,吐,31810,31828
1326780,1327500,吐,31810,31828
1326780,1327500,呼,31810,31828
1326780,1327500,呼,31810,31828
1326780,1327500,呼,31810,31828
1326830,1327550,い,31812,31829
1326830,1327550,い,31812,31829
1326830,1327550,い,31812,31829
1326830,1327550,吸,31812,31829
1326830,1327550,吸,31812,31829
1326830,1327550,吸,31812,31829
1326900,1327620,て,31813,31831
1326900,1327620,て,31813,31831
1326900,1327620,て,31813,31831
1326900,1327620,伴,31813,31831
1326900,1327620,伴,31813,31831
1326900,1327620,伴,31813,31831
1326960,1327670,は,31815,31832
1326960,1327670,は,31815,31832
1326960,1327670,は,31815,31832
1326960,1327670,隨,31815,31832
1326960,1327670,隨,31815,31832
1326960,1327670,隨,31815,31832
1327010,1327740,ま,31816,31833
1327010,1327740,ま,31816,31833
1327010,1327740,ま,31816,31833
1327010,1327740,著,31816,31833
1327010,1327740,著,31816,31833
1327010,1327740,著,31816,31833
1327080,1327790,た,31818,31835
1327080,1327790,た,31818,31835
1327080,1327790,た,31818,31835
1327080,1327790,不,31818,31835
1327080,1327790,不,31818,31835
1327080,1327790,不,31818,31835
1327130,1327860,吸,31819,31836
1327130,1327860,吸,31819,31836
1327130,1327860,吸,31819,31836
1327130,1327860,安,31819,31836
1327130,1327860,安,31819,31836
1327130,1327860,安,31819,31836
1327200,1327920,い,31820,31838
1327200,1327920,い,31820,31838
1327200,1327920,い,31820,31838
1327200,1327920,起,31820,31838
1327200,1327920,起,31820,31838
1327200,1327920,起,31820,31838
1327250,1327980,込,31822,31839
1327250,1327980,込,31822,31839
1327250,1327980,込,31822,31839
1327250,1327980,伏,31822,31839
1327250,1327980,伏,31822,31839
1327250,1327980,伏,31822,31839
1327320,1328030,ん,31823,31840
1327320,1328030,ん,31823,31840
1327320,1328030,ん,31823,31840
1327370,1328090,だ,31825,31842
1327370,1328090,だ,31825,31842
1327370,1328090,だ,31825,31842
1327400,1331090,吐,31825,31914
1327400,1331090,吐,31825,31914
1327400,1331090,吐,31825,31914
1327400,1331090,呼,31825,31914
1327400,1331090,呼,31825,31914
1327400,1331090,呼,31825,31914
1327440,1328160,不,31826,31843
1327440,1328160,不,31826,31843
1327440,1328160,不,31826,31843
1327460,1331160,い,31827,31915
1327460,1331160,い,31827,31915
1327460,1331160,い,31827,31915
1327460,1331160,吸,31827,31915
1327460,1331160,吸,31827,31915
1327460,1331160,吸,31827,31915
1327500,1328220,安,31828,31845
1327500,1328220,安,31828,31845
1327500,1328220,安,31828,31845
1327510,1331220,て,31828,31917
1327510,1331220,て,31828,31917
1327510,1331220,て,31828,31917
1327510,1331220,伴,31828,31917
1327510,1331220,伴,31828,31917
1327510,1331220,伴,31828,31917
1327550,1328270,に,31829,31846
1327550,1328270,に,31829,31846
1327550,1328270,に,31829,31846
1327580,1331270,は,31830,31918
1327580,1331270,は,31830,31918
1327580,1331270,は,31830,31918
1327580,1331270,隨,31830,31918
1327580,1331270,隨,31830,31918
1327580,1331270,隨,31830,31918
1327630,1331330,ま,31831,31920
1327630,1331330,ま,31831,31920
1327630,1331330,ま,31831,31920
1327630,1331330,著,31831,31920
1327630,1331330,著,31831,31920
1327630,1331330,著,31831,31920
1327700,1331400,た,31832,31921
1327700,1331400,た,31832,31921
1327700,1331400,た,31832,31921
1327700,1331400,不,31832,31921
1327700,1331400,不,31832,31921
1327700,1331400,不,31832,31921
1327750,1331460,吸,31834,31923
1327750,1331460,吸,31834,31923
1327750,1331460,吸,31834,31923
1327750,1331460,安,31834,31923
1327750,1331460,安,31834,31923
1327750,1331460,安,31834,31923
1327820,1331510,い,31835,31924
1327820,1331510,い,31835,31924
1327820,1331510,い,31835,31924
1327820,1331510,起,31835,31924
1327820,1331510,起,31835,31924
1327820,1331510,起,31835,31924
1327870,1331580,込,31837,31925
1327870,1331580,込,31837,31925
1327870,1331580,込,31837,31925
1327870,1331580,伏,31837,31925
1327870,1331580,伏,31837,31925
1327870,1331580,伏,31837,31925
1327940,1331640,ん,31838,31927
1327940,1331640,ん,31838,31927
1327940,1331640,ん,31838,31927
1328000,1331690,だ,31840,31928
1328000,1331690,だ,31840,31928
1328000,1331690,だ,31840,31928
1328060,1331750,不,31841,31930
1328060,1331750,不,31841,31930
1328060,1331750,不,31841,31930
1328110,1331820,安,31842,31931
1328110,1331820,安,31842,31931
1328110,1331820,安,31842,31931
1328170,1331880,に,31844,31933
1328170,1331880,に,31844,31933
1328170,1331880,に,31844,31933
1331780,1332500,僕,31930,31948
1331780,1332500,僕,31930,31948
1331780,1332500,僕,31930,31948
1331780,1332500,束,31930,31948
1331780,1332500,束,31930,31948
1331780,1332500,束,31930,31948
1331840,1332570,は,31932,31949
1331840,1332570,は,31932,31949
1331840,1332570,は,31932,31949
1331840,1332570,手,31932,31949
1331840,1332570,手,31932,31949
1331840,1332570,手,31932,31949
1331910,1332630,為,31933,31951
1331910,1332630,為,31933,31951
1331910,1332630,為,31933,31951
1331910,1332630,無,31933,31951
1331910,1332630,無,31933,31951
1331910,1332630,無,31933,31951
1331970,1332680,す,31935,31952
1331970,1332680,す,31935,31952
1331970,1332680,す,31935,31952
1331970,1332680,策,31935,31952
1331970,1332680,策,31935,31952
1331970,1332680,策,31935,31952
1332020,1332750,が,31936,31954
1332020,1332750,が,31936,31954
1332020,1332750,が,31936,31954
1332020,1332750,的,31936,31954
1332020,1332750,的,31936,31954
1332020,1332750,的,31936,31954
1332080,1332810,ま,31937,31955
1332080,1332810,ま,31937,31955
1332080,1332810,ま,31937,31955
1332080,1332810,我,31937,31955
1332080,1332810,我,31937,31955
1332080,1332810,我,31937,31955
1332150,1332860,ま,31939,31956
1332150,1332860,ま,31939,31956
1332150,1332860,ま,31939,31956
1332150,1332860,只,31939,31956
1332150,1332860,只,31939,31956
1332150,1332860,只,31939,31956
1332210,1332920,立,31941,31958
1332210,1332920,立,31941,31958
1332210,1332920,立,31941,31958
1332210,1332920,能,31941,31958
1332210,1332920,能,31941,31958
1332210,1332920,能,31941,31958
1332260,1332990,ち,31942,31959
1332260,1332990,ち,31942,31959
1332260,1332990,ち,31942,31959
1332260,1332990,呆,31942,31959
1332260,1332990,呆,31942,31959
1332260,1332990,呆,31942,31959
1332330,1333050,尽,31943,31961
1332330,1333050,尽,31943,31961
1332330,1333050,尽,31943,31961
1332330,1333050,站,31943,31961
1332330,1333050,站,31943,31961
1332330,1333050,站,31943,31961
1332390,1333100,く,31945,31962
1332390,1333100,く,31945,31962
1332390,1333100,く,31945,31962
1332390,1333100,著,31945,31962
1332390,1333100,著,31945,31962
1332390,1333100,著,31945,31962
1332410,1336570,僕,31945,32045
1332410,1336570,僕,31945,32045
1332410,1336570,僕,31945,32045
1332410,1336570,束,31945,32045
1332410,1336570,束,31945,32045
1332410,1336570,束,31945,32045
1332440,1333160,し,31946,31963
1332440,1333160,し,31946,31963
1332440,1333160,し,31946,31963
1332470,1336620,は,31947,32046
1332470,1336620,は,31947,32046
1332470,1336620,は,31947,32046
1332470,1336620,手,31947,32046
1332470,1336620,手,31947,32046
1332470,1336620,手,31947,32046
1332500,1333230,て,31948,31965
1332500,1333230,て,31948,31965
1332500,1333230,て,31948,31965
1332520,1336690,為,31948,32048
1332520,1336690,為,31948,32048
1332520,1336690,為,31948,32048
1332520,1336690,無,31948,32048
1332520,1336690,無,31948,32048
1332520,1336690,無,31948,32048
1332580,1336750,す,31949,32049
1332580,1336750,す,31949,32049
1332580,1336750,す,31949,32049
1332580,1336750,策,31949,32049
1332580,1336750,策,31949,32049
1332580,1336750,策,31949,32049
1332650,1336800,が,31951,32051
1332650,1336800,が,31951,32051
1332650,1336800,が,31951,32051
1332650,1336800,的,31951,32051
1332650,1336800,的,31951,32051
1332650,1336800,的,31951,32051
1332710,1336870,ま,31953,32052
1332710,1336870,ま,31953,32052
1332710,1336870,ま,31953,32052
1332710,1336870,我,31953,32052
1332710,1336870,我,31953,32052
1332710,1336870,我,31953,32052
1332760,1336920,ま,31954,32054
1332760,1336920,ま,31954,32054
1332760,1336920,ま,31954,32054
1332760,1336920,只,31954,32054
1332760,1336920,只,31954,32054
1332760,1336920,只,31954,32054
1332830,1336980,立,31955,32055
1332830,1336980,立,31955,32055
1332830,1336980,立,31955,32055
1332830,1336980,能,31955,32055
1332830,1336980,能,31955,32055
1332830,1336980,能,31955,32055
1332890,1337050,ち,31957,32057
1332890,1337050,ち,31957,32057
1332890,1337050,ち,31957,32057
1332890,1337050,呆,31957,32057
1332890,1337050,呆,31957,32057
1332890,1337050,呆,31957,32057
1332940,1337100,尽,31958,32058
1332940,1337100,尽,31958,32058
1332940,1337100,尽,31958,32058
1332940,1337100,站,31958,32058
1332940,1337100,站,31958,32058
1332940,1337100,站,31958,32058
1333000,1337170,く,31960,32060
1333000,1337170,く,31960,32060
1333000,1337170,く,31960,32060
1333000,1337170,著,31960,32060
1333000,1337170,著,31960,32060
1333000,1337170,著,31960,32060
1333070,1337230,し,31961,32061
1333070,1337230,し,31961,32061
1333070,1337230,し,31961,32061
1333130,1337280,て,31963,32062
1333130,1337280,て,31963,32062
1333130,1337280,て,31963,32062
1337030,1337760,不,32056,32074
1337030,1337760,不,32056,32074
1337030,1337760,不,32056,32074
1337030,1337760,笨,32056,32074
1337030,1337760,笨,32056,32074
1337030,1337760,笨,32056,32074
1337100,1337820,器,32058,32075
1337100,1337820,器,32058,32075
1337100,1337820,器,32058,32075
1337100,1337820,手,32058,32075
1337100,1337820,手,32058,32075
1337100,1337820,手,32058,32075
1337160,1337870,用,32059,32076
1337160,1337870,用,32059,32076
1337160,1337870,用,32059,32076
1337160,1337870,笨,32059,32076
1337160,1337870,笨,32059,32076
1337160,1337870,笨,32059,32076
1337210,1337940,で,32060,32078
1337210,1337940,で,32060,32078
1337210,1337940,で,32060,32078
1337210,1337940,腳,32060,32078
1337210,1337940,腳,32060,32078
1337210,1337940,腳,32060,32078
1337330,1338050,空,32063,32081
1337330,1338050,空,32063,32081
1337330,1338050,空,32063,32081
1337330,1338050,碌,32063,32081
1337330,1338050,碌,32063,32081
1337330,1338050,碌,32063,32081
1337390,1338120,回,32065,32082
1337390,1338120,回,32065,32082
1337390,1338120,回,32065,32082
1337390,1338120,碌,32065,32082
1337390,1338120,碌,32065,32082
1337390,1338120,碌,32065,32082
1337460,1338170,っ,32066,32083
1337460,1338170,っ,32066,32083
1337460,1338170,っ,32066,32083
1337460,1338170,無,32066,32083
1337460,1338170,無,32066,32083
1337460,1338170,無,32066,32083
1337510,1338230,て,32068,32085
1337510,1338230,て,32068,32085
1337510,1338230,て,32068,32085
1337510,1338230,為,32068,32085
1337510,1338230,為,32068,32085
1337510,1338230,為,32068,32085
1337660,1340730,不,32071,32145
1337660,1340730,不,32071,32145
1337660,1340730,不,32071,32145
1337660,1340730,笨,32071,32145
1337660,1340730,笨,32071,32145
1337660,1340730,笨,32071,32145
1337710,1340800,器,32072,32147
1337710,1340800,器,32072,32147
1337710,1340800,器,32072,32147
1337710,1340800,手,32072,32147
1337710,1340800,手,32072,32147
1337710,1340800,手,32072,32147
1337780,1340850,用,32074,32148
1337780,1340850,用,32074,32148
1337780,1340850,用,32074,32148
1337780,1340850,笨,32074,32148
1337780,1340850,笨,32074,32148
1337780,1340850,笨,32074,32148
1337830,1340920,で,32075,32149
1337830,1340920,で,32075,32149
1337830,1340920,で,32075,32149
1337830,1340920,腳,32075,32149
1337830,1340920,腳,32075,32149
1337830,1340920,腳,32075,32149
1337960,1341030,空,32078,32152
1337960,1341030,空,32078,32152
1337960,1341030,空,32078,32152
1337960,1341030,碌,32078,32152
1337960,1341030,碌,32078,32152
1337960,1341030,碌,32078,32152
1338010,1341100,回,32080,32154
1338010,1341100,回,32080,32154
1338010,1341100,回,32080,32154
1338010,1341100,碌,32080,32154
1338010,1341100,碌,32080,32154
1338010,1341100,碌,32080,32154
1338070,1341160,っ,32081,32155
1338070,1341160,っ,32081,32155
1338070,1341160,っ,32081,32155
1338070,1341160,無,32081,32155
1338070,1341160,無,32081,32155
1338070,1341160,無,32081,32155
1338140,1341210,て,32083,32156
1338140,1341210,て,32083,32156
1338140,1341210,て,32083,32156
1338140,1341210,為,32083,32156
1338140,1341210,為,32083,32156
1338140,1341210,為,32083,32156
1340080,1340800,傷,32129,32147
1340080,1340800,傷,32129,32147
1340080,1340800,傷,32129,32147
1340080,1340800,我,32129,32147
1340080,1340800,我,32129,32147
1340080,1340800,我,32129,32147
1340140,1340870,つ,32131,32148
1340140,1340870,つ,32131,32148
1340140,1340870,つ,32131,32148
1340140,1340870,總,32131,32148
1340140,1340870,總,32131,32148
1340140,1340870,總,32131,32148
1340210,1340920,く,32132,32149
1340210,1340920,く,32132,32149
1340210,1340920,く,32132,32149
1340210,1340920,是,32132,32149
1340210,1340920,是,32132,32149
1340210,1340920,是,32132,32149
1340260,1340980,こ,32134,32151
1340260,1340980,こ,32134,32151
1340260,1340980,こ,32134,32151
1340260,1340980,逃,32134,32151
1340260,1340980,逃,32134,32151
1340260,1340980,逃,32134,32151
1340320,1341050,と,32135,32153
1340320,1341050,と,32135,32153
1340320,1341050,と,32135,32153
1340320,1341050,避,32135,32153
1340320,1341050,避,32135,32153
1340320,1341050,避,32135,32153
1340390,1341100,か,32137,32154
1340390,1341100,か,32137,32154
1340390,1341100,か,32137,32154
1340390,1341100,著,32137,32154
1340390,1341100,著,32137,32154
1340390,1341100,著,32137,32154
1340440,1341170,ら,32138,32155
1340440,1341170,ら,32138,32155
1340440,1341170,ら,32138,32155
1340440,1341170,傷,32138,32155
1340440,1341170,傷,32138,32155
1340440,1341170,傷,32138,32155
1340510,1341230,逃,32140,32157
1340510,1341230,逃,32140,32157
1340510,1341230,逃,32140,32157
1340510,1341230,痛,32140,32157
1340510,1341230,痛,32140,32157
1340510,1341230,痛,32140,32157
1340570,1341280,げ,32141,32158
1340570,1341280,げ,32141,32158
1340570,1341280,げ,32141,32158
1340620,1341350,て,32142,32160
1340620,1341350,て,32142,32160
1340620,1341350,て,32142,32160
1340690,1341410,い,32144,32161
1340690,1341410,い,32144,32161
1340690,1341410,い,32144,32161
1340710,1344410,傷,32144,32233
1340710,1344410,傷,32144,32233
1340710,1344410,傷,32144,32233
1340710,1344410,我,32144,32233
1340710,1344410,我,32144,32233
1340710,1344410,我,32144,32233
1340750,1341460,る,32145,32162
1340750,1341460,る,32145,32162
1340750,1341460,る,32145,32162
1340760,1344460,つ,32146,32234
1340760,1344460,つ,32146,32234
1340760,1344460,つ,32146,32234
1340760,1344460,總,32146,32234
1340760,1344460,總,32146,32234
1340760,1344460,總,32146,32234
1340820,1344530,く,32147,32236
1340820,1344530,く,32147,32236
1340820,1344530,く,32147,32236
1340820,1344530,是,32147,32236
1340820,1344530,是,32147,32236
1340820,1344530,是,32147,32236
1340890,1344580,こ,32149,32237
1340890,1344580,こ,32149,32237
1340890,1344580,こ,32149,32237
1340890,1344580,逃,32149,32237
1340890,1344580,逃,32149,32237
1340890,1344580,逃,32149,32237
1340940,1344640,と,32150,32239
1340940,1344640,と,32150,32239
1340940,1344640,と,32150,32239
1340940,1344640,避,32150,32239
1340940,1344640,避,32150,32239
1340940,1344640,避,32150,32239
1341010,1344710,か,32152,32240
1341010,1344710,か,32152,32240
1341010,1344710,か,32152,32240
1341010,1344710,著,32152,32240
1341010,1344710,著,32152,32240
1341010,1344710,著,32152,32240
1341070,1344760,ら,32153,32241
1341070,1344760,ら,32153,32241
1341070,1344760,ら,32153,32241
1341070,1344760,傷,32153,32241
1341070,1344760,傷,32153,32241
1341070,1344760,傷,32153,32241
1341120,1344820,逃,32154,32243
1341120,1344820,逃,32154,32243
1341120,1344820,逃,32154,32243
1341120,1344820,痛,32154,32243
1341120,1344820,痛,32154,32243
1341120,1344820,痛,32154,32243
1341190,1344890,げ,32156,32245
1341190,1344890,げ,32156,32245
1341190,1344890,げ,32156,32245
1341250,1344940,て,32157,32246
1341250,1344940,て,32157,32246
1341250,1344940,て,32157,32246
1341300,1345010,い,32159,32247
1341300,1345010,い,32159,32247
1341300,1345010,い,32159,32247
1341370,1345070,る,32160,32249
1341370,1345070,る,32160,32249
1341370,1345070,る,32160,32249
1343870,1344600,現,32220,32238
1343870,1344600,現,32220,32238
1343870,1344600,現,32220,32238
1343870,1344600,在,32220,32238
1343870,1344600,在,32220,32238
1343870,1344600,在,32220,32238
1343940,1344660,実,32222,32239
1343940,1344660,実,32222,32239
1343940,1344660,実,32222,32239
1343940,1344660,現,32222,32239
1343940,1344660,現,32222,32239
1343940,1344660,現,32222,32239
1344000,1344710,と,32223,32240
1344000,1344710,と,32223,32240
1344000,1344710,と,32223,32240
1344000,1344710,實,32223,32240
1344000,1344710,實,32223,32240
1344000,1344710,實,32223,32240
1344050,1344780,ノ,32224,32242
1344050,1344780,ノ,32224,32242
1344050,1344780,ノ,32224,32242
1344050,1344780,與,32224,32242
1344050,1344780,與,32224,32242
1344050,1344780,與,32224,32242
1344120,1344830,一,32226,32243
1344120,1344830,一,32226,32243
1344120,1344830,一,32226,32243
1344120,1344830,筆,32226,32243
1344120,1344830,筆,32226,32243
1344120,1344830,筆,32226,32243
1344170,1344890,ト,32227,32245
1344170,1344890,ト,32227,32245
1344170,1344890,ト,32227,32245
1344170,1344890,記,32227,32245
1344170,1344890,記,32227,32245
1344170,1344890,記,32227,32245
1344230,1344960,で,32229,32246
1344230,1344960,で,32229,32246
1344230,1344960,で,32229,32246
1344230,1344960,本,32229,32246
1344230,1344960,本,32229,32246
1344230,1344960,本,32229,32246
1344300,1345010,行,32230,32247
1344300,1345010,行,32230,32247
1344300,1345010,行,32230,32247
1344300,1345010,間,32230,32247
1344300,1345010,間,32230,32247
1344300,1345010,間,32230,32247
1344350,1345070,っ,32232,32249
1344350,1345070,っ,32232,32249
1344350,1345070,っ,32232,32249
1344350,1345070,徘,32232,32249
1344350,1345070,徘,32232,32249
1344350,1345070,徘,32232,32249
1344420,1345140,た,32233,32251
1344420,1345140,た,32233,32251
1344420,1345140,た,32233,32251
1344420,1345140,徊,32233,32251
1344420,1345140,徊,32233,32251
1344420,1345140,徊,32233,32251
1344480,1345190,り,32235,32252
1344480,1345190,り,32235,32252
1344480,1345190,り,32235,32252
1344500,1353570,現,32235,32453
1344500,1353570,現,32235,32453
1344500,1353570,現,32235,32453
1344500,1353570,在,32235,32453
1344500,1353570,在,32235,32453
1344500,1353570,在,32235,32453
1344530,1345260,来,32236,32253
1344530,1345260,来,32236,32253
1344530,1345260,来,32236,32253
1344530,1345260,自,32236,32253
1344530,1345260,自,32236,32253
1344530,1345260,自,32236,32253
1344550,1353640,実,32236,32454
1344550,1353640,実,32236,32454
1344550,1353640,実,32236,32454
1344550,1353640,現,32236,32454
1344550,1353640,現,32236,32454
1344550,1353640,現,32236,32454
1344600,1345320,た,32238,32255
1344600,1345320,た,32238,32255
1344600,1345320,た,32238,32255
1344600,1345320,我,32238,32255
1344600,1345320,我,32238,32255
1344600,1345320,我,32238,32255
1344620,1353700,と,32238,32456
1344620,1353700,と,32238,32456
1344620,1353700,と,32238,32456
1344620,1353700,實,32238,32456
1344620,1353700,實,32238,32456
1344620,1353700,實,32238,32456
1344660,1345370,り,32239,32256
1344660,1345370,り,32239,32256
1344660,1345370,り,32239,32256
1344660,1345370,撫,32239,32256
1344660,1345370,撫,32239,32256
1344660,1345370,撫,32239,32256
1344670,1353750,ノ,32239,32457
1344670,1353750,ノ,32239,32457
1344670,1353750,ノ,32239,32457
1344670,1353750,與,32239,32457
1344670,1353750,與,32239,32457
1344670,1353750,與,32239,32457
1344710,1345440,慰,32240,32258
1344710,1345440,慰,32240,32258
1344710,1345440,慰,32240,32258
1344730,1353820,一,32241,32459
1344730,1353820,一,32241,32459
1344730,1353820,一,32241,32459
1344730,1353820,筆,32241,32459
1344730,1353820,筆,32241,32459
1344730,1353820,筆,32241,32459
1344780,1345500,慰,32242,32259
1344780,1345500,慰,32242,32259
1344780,1345500,慰,32242,32259
1344800,1353880,ト,32242,32460
1344800,1353880,ト,32242,32460
1344800,1353880,ト,32242,32460
1344800,1353880,記,32242,32460
1344800,1353880,記,32242,32460
1344800,1353880,記,32242,32460
1344830,1345550,め,32243,32260
1344830,1345550,め,32243,32260
1344830,1345550,め,32243,32260
1344850,1353930,で,32244,32461
1344850,1353930,で,32244,32461
1344850,1353930,で,32244,32461
1344850,1353930,本,32244,32461
1344850,1353930,本,32244,32461
1344850,1353930,本,32244,32461
1344890,1345620,て,32245,32262
1344890,1345620,て,32245,32262
1344890,1345620,て,32245,32262
1344920,1354000,行,32245,32463
1344920,1354000,行,32245,32463
1344920,1354000,行,32245,32463
1344920,1354000,間,32245,32463
1344920,1354000,間,32245,32463
1344920,1354000,間,32245,32463
1344980,1354060,っ,32247,32464
1344980,1354060,っ,32247,32464
1344980,1354060,っ,32247,32464
1344980,1354060,徘,32247,32464
1344980,1354060,徘,32247,32464
1344980,1354060,徘,32247,32464
1345030,1354110,た,32248,32466
1345030,1354110,た,32248,32466
1345030,1354110,た,32248,32466
1345030,1354110,徊,32248,32466
1345030,1354110,徊,32248,32466
1345030,1354110,徊,32248,32466
1345100,1354170,り,32250,32467
1345100,1354170,り,32250,32467
1345100,1354170,り,32250,32467
1345160,1354240,来,32251,32469
1345160,1354240,来,32251,32469
1345160,1354240,来,32251,32469
1345160,1354240,自,32251,32469
1345160,1354240,自,32251,32469
1345160,1354240,自,32251,32469
1345210,1354290,た,32252,32470
1345210,1354290,た,32252,32470
1345210,1354290,た,32252,32470
1345210,1354290,我,32252,32470
1345210,1354290,我,32252,32470
1345210,1354290,我,32252,32470
1345280,1354350,り,32254,32471
1345280,1354350,り,32254,32471
1345280,1354350,り,32254,32471
1345280,1354350,撫,32254,32471
1345280,1354350,撫,32254,32471
1345280,1354350,撫,32254,32471
1345330,1354420,慰,32255,32473
1345330,1354420,慰,32255,32473
1345330,1354420,慰,32255,32473
1345390,1354470,慰,32257,32474
1345390,1354470,慰,32257,32474
1345390,1354470,慰,32257,32474
1345460,1354530,め,32258,32476
1345460,1354530,め,32258,32476
1345460,1354530,め,32258,32476
1345510,1354600,て,32259,32477
1345510,1354600,て,32259,32477
1345510,1354600,て,32259,32477
1354020,1354740,あ,32464,32481
1354020,1354740,あ,32464,32481
1354020,1354740,あ,32464,32481
1354020,1354740,啊,32464,32481
1354020,1354740,啊,32464,32481
1354020,1354740,啊,32464,32481
1354070,1354790,ぁ,32465,32482
1354070,1354790,ぁ,32465,32482
1354070,1354790,ぁ,32465,32482
1354140,1354850,為,32466,32483
1354140,1354850,為,32466,32483
1354140,1354850,為,32466,32483
1354200,1354920,な,32468,32485
1354200,1354920,な,32468,32485
1354200,1354920,な,32468,32485
1354200,1354920,何,32468,32485
1354200,1354920,何,32468,32485
1354200,1354920,何,32468,32485
1354250,1354970,ん,32469,32486
1354250,1354970,ん,32469,32486
1354250,1354970,ん,32469,32486
1354250,1354970,生,32469,32486
1354250,1354970,生,32469,32486
1354250,1354970,生,32469,32486
1354320,1355030,て,32471,32488
1354320,1355030,て,32471,32488
1354320,1355030,て,32471,32488
1354320,1355030,活,32471,32488
1354320,1355030,活,32471,32488
1354320,1355030,活,32471,32488
1354380,1355100,生,32472,32489
1354380,1355100,生,32472,32489
1354380,1355100,生,32472,32489
1354380,1355100,在,32472,32489
1354380,1355100,在,32472,32489
1354380,1355100,在,32472,32489
1354430,1355150,き,32473,32491
1354430,1355150,き,32473,32491
1354430,1355150,き,32473,32491
1354430,1355150,這,32473,32491
1354430,1355150,這,32473,32491
1354430,1355150,這,32473,32491
1354500,1355210,づ,32475,32492
1354500,1355210,づ,32475,32492
1354500,1355210,づ,32475,32492
1354500,1355210,世,32475,32492
1354500,1355210,世,32475,32492
1354500,1355210,世,32475,32492
1354560,1355280,ら,32476,32494
1354560,1355280,ら,32476,32494
1354560,1355280,ら,32476,32494
1354560,1355280,界,32476,32494
1354560,1355280,界,32476,32494
1354560,1355280,界,32476,32494
1354610,1355340,い,32478,32495
1354610,1355340,い,32478,32495
1354610,1355340,い,32478,32495
1354610,1355340,如,32478,32495
1354610,1355340,如,32478,32495
1354610,1355340,如,32478,32495
1354640,1359670,あ,32478,32599
1354640,1359670,あ,32478,32599
1354640,1359670,あ,32478,32599
1354640,1359670,啊,32478,32599
1354640,1359670,啊,32478,32599
1354640,1359670,啊,32478,32599
1354670,1355390,世,32479,32496
1354670,1355390,世,32479,32496
1354670,1355390,世,32479,32496
1354670,1355390,此,32479,32496
1354670,1355390,此,32479,32496
1354670,1355390,此,32479,32496
1354700,1359720,ぁ,32480,32600
1354700,1359720,ぁ,32480,32600
1354700,1359720,ぁ,32480,32600
1354740,1355460,界,32481,32498
1354740,1355460,界,32481,32498
1354740,1355460,界,32481,32498
1354740,1355460,艱,32481,32498
1354740,1355460,艱,32481,32498
1354740,1355460,艱,32481,32498
1354750,1359780,為,32481,32602
1354750,1359780,為,32481,32602
1354750,1359780,為,32481,32602
1354790,1355520,な,32482,32499
1354790,1355520,な,32482,32499
1354790,1355520,な,32482,32499
1354790,1355520,難,32482,32499
1354790,1355520,難,32482,32499
1354790,1355520,難,32482,32499
1354820,1359850,な,32483,32603
1354820,1359850,な,32483,32603
1354820,1359850,な,32483,32603
1354820,1359850,何,32483,32603
1354820,1359850,何,32483,32603
1354820,1359850,何,32483,32603
1354850,1355570,ん,32483,32501
1354850,1355570,ん,32483,32501
1354850,1355570,ん,32483,32501
1354880,1359900,ん,32484,32604
1354880,1359900,ん,32484,32604
1354880,1359900,ん,32484,32604
1354880,1359900,生,32484,32604
1354880,1359900,生,32484,32604
1354880,1359900,生,32484,32604
1354920,1355640,だ,32485,32502
1354920,1355640,だ,32485,32502
1354920,1355640,だ,32485,32502
1354930,1359960,て,32485,32606
1354930,1359960,て,32485,32606
1354930,1359960,て,32485,32606
1354930,1359960,活,32485,32606
1354930,1359960,活,32485,32606
1354930,1359960,活,32485,32606
1354970,1355700,ろ,32486,32504
1354970,1355700,ろ,32486,32504
1354970,1355700,ろ,32486,32504
1355000,1360030,生,32487,32608
1355000,1360030,生,32487,32608
1355000,1360030,生,32487,32608
1355000,1360030,在,32487,32608
1355000,1360030,在,32487,32608
1355000,1360030,在,32487,32608
1355030,1355750,う,32488,32505
1355030,1355750,う,32488,32505
1355030,1355750,う,32488,32505
1355060,1360090,き,32488,32609
1355060,1360090,き,32488,32609
1355060,1360090,き,32488,32609
1355060,1360090,這,32488,32609
1355060,1360090,這,32488,32609
1355060,1360090,這,32488,32609
1355110,1360140,づ,32490,32610
1355110,1360140,づ,32490,32610
1355110,1360140,づ,32490,32610
1355110,1360140,世,32490,32610
1355110,1360140,世,32490,32610
1355110,1360140,世,32490,32610
1355170,1360210,ら,32491,32612
1355170,1360210,ら,32491,32612
1355170,1360210,ら,32491,32612
1355170,1360210,界,32491,32612
1355170,1360210,界,32491,32612
1355170,1360210,界,32491,32612
1355240,1360270,い,32493,32613
1355240,1360270,い,32493,32613
1355240,1360270,い,32493,32613
1355240,1360270,如,32493,32613
1355240,1360270,如,32493,32613
1355240,1360270,如,32493,32613
1355290,1360320,世,32494,32615
1355290,1360320,世,32494,32615
1355290,1360320,世,32494,32615
1355290,1360320,此,32494,32615
1355290,1360320,此,32494,32615
1355290,1360320,此,32494,32615
1355350,1360390,界,32495,32616
1355350,1360390,界,32495,32616
1355350,1360390,界,32495,32616
1355350,1360390,艱,32495,32616
1355350,1360390,艱,32495,32616
1355350,1360390,艱,32495,32616
1355420,1360450,な,32497,32618
1355420,1360450,な,32497,32618
1355420,1360450,な,32497,32618
1355420,1360450,難,32497,32618
1355420,1360450,難,32497,32618
1355420,1360450,難,32497,32618
1355470,1360500,ん,32498,32619
1355470,1360500,ん,32498,32619
1355470,1360500,ん,32498,32619
1355530,1360570,だ,32500,32621
1355530,1360570,だ,32500,32621
1355530,1360570,だ,32500,32621
1355600,1360630,ろ,32501,32622
1355600,1360630,ろ,32501,32622
1355600,1360630,ろ,32501,32622
1355650,1360680,う,32503,32623
1355650,1360680,う,32503,32623
1355650,1360680,う,32503,32623
1360180,1360900,だ,32611,32628
1360180,1360900,だ,32611,32628
1360180,1360900,だ,32611,32628
1360180,1360900,然,32611,32628
1360180,1360900,然,32611,32628
1360180,1360900,然,32611,32628
1360250,1360960,け,32613,32630
1360250,1360960,け,32613,32630
1360250,1360960,け,32613,32630
1360250,1360960,而,32613,32630
1360250,1360960,而,32613,32630
1360250,1360960,而,32613,32630
1360310,1361030,ど,32614,32632
1360310,1361030,ど,32614,32632
1360310,1361030,ど,32614,32632
1360360,1361090,然,32616,32633
1360360,1361090,然,32616,32633
1360360,1361090,然,32616,32633
1360420,1361140,だ,32617,32634
1360420,1361140,だ,32617,32634
1360420,1361140,だ,32617,32634
1360420,1361140,而,32617,32634
1360420,1361140,而,32617,32634
1360420,1361140,而,32617,32634
1360490,1361210,け,32619,32636
1360490,1361210,け,32619,32636
1360490,1361210,け,32619,32636
1360540,1361270,ど,32620,32637
1360540,1361270,ど,32620,32637
1360540,1361270,ど,32620,32637
1360810,1363790,だ,32626,32698
1360810,1363790,だ,32626,32698
1360810,1363790,だ,32626,32698
1360810,1363790,然,32626,32698
1360810,1363790,然,32626,32698
1360810,1363790,然,32626,32698
1360860,1363850,け,32628,32699
1360860,1363850,け,32628,32699
1360860,1363850,け,32628,32699
1360860,1363850,而,32628,32699
1360860,1363850,而,32628,32699
1360860,1363850,而,32628,32699
1360920,1363920,ど,32629,32701
1360920,1363920,ど,32629,32701
1360920,1363920,ど,32629,32701
1360990,1363970,然,32631,32702
1360990,1363970,然,32631,32702
1360990,1363970,然,32631,32702
1361040,1364030,だ,32632,32704
1361040,1364030,だ,32632,32704
1361040,1364030,だ,32632,32704
1361040,1364030,而,32632,32704
1361040,1364030,而,32632,32704
1361040,1364030,而,32632,32704
1361100,1364100,け,32633,32705
1361100,1364100,け,32633,32705
1361100,1364100,け,32633,32705
1361170,1364150,ど,32635,32706
1361170,1364150,ど,32635,32706
1361170,1364150,ど,32635,32706
1363720,1364450,ぜ,32696,32714
1363720,1364450,ぜ,32696,32714
1363720,1364450,ぜ,32696,32714
1363720,1364450,這,32696,32714
1363720,1364450,這,32696,32714
1363720,1364450,這,32696,32714
1363780,1364500,ん,32698,32715
1363780,1364500,ん,32698,32715
1363780,1364500,ん,32698,32715
1363780,1364500,一,32698,32715
1363780,1364500,一,32698,32715
1363780,1364500,一,32698,32715
1363850,1364570,ぶ,32699,32716
1363850,1364570,ぶ,32699,32716
1363850,1364570,ぶ,32699,32716
1363850,1364570,切,32699,32716
1363850,1364570,切,32699,32716
1363850,1364570,切,32699,32716
1363960,1364680,ぜ,32702,32719
1363960,1364680,ぜ,32702,32719
1363960,1364680,ぜ,32702,32719
1363960,1364680,一,32702,32719
1363960,1364680,一,32702,32719
1363960,1364680,一,32702,32719
1364030,1364750,ん,32704,32721
1364030,1364750,ん,32704,32721
1364030,1364750,ん,32704,32721
1364030,1364750,切,32704,32721
1364030,1364750,切,32704,32721
1364030,1364750,切,32704,32721
1364090,1364810,ぶ,32705,32722
1364090,1364810,ぶ,32705,32722
1364090,1364810,ぶ,32705,32722
1364090,1364810,都,32705,32722
1364090,1364810,都,32705,32722
1364090,1364810,都,32705,32722
1364140,1364860,是,32706,32723
1364140,1364860,是,32706,32723
1364140,1364860,是,32706,32723
1364210,1364920,僕,32708,32725
1364210,1364920,僕,32708,32725
1364210,1364920,僕,32708,32725
1364210,1364920,我,32708,32725
1364210,1364920,我,32708,32725
1364210,1364920,我,32708,32725
1364270,1364990,だ,32709,32727
1364270,1364990,だ,32709,32727
1364270,1364990,だ,32709,32727
1364320,1365040,か,32710,32728
1364320,1365040,か,32710,32728
1364320,1365040,か,32710,32728
1364350,1366960,ぜ,32711,32774
1364350,1366960,ぜ,32711,32774
1364350,1366960,ぜ,32711,32774
1364350,1366960,這,32711,32774
1364350,1366960,這,32711,32774
1364350,1366960,這,32711,32774
1364390,1365100,ら,32712,32729
1364390,1365100,ら,32712,32729
1364390,1365100,ら,32712,32729
1364400,1367030,ん,32712,32775
1364400,1367030,ん,32712,32775
1364400,1367030,ん,32712,32775
1364400,1367030,一,32712,32775
1364400,1367030,一,32712,32775
1364400,1367030,一,32712,32775
1364460,1367090,ぶ,32714,32777
1364460,1367090,ぶ,32714,32777
1364460,1367090,ぶ,32714,32777
1364460,1367090,切,32714,32777
1364460,1367090,切,32714,32777
1364460,1367090,切,32714,32777
1364590,1367210,ぜ,32717,32780
1364590,1367210,ぜ,32717,32780
1364590,1367210,ぜ,32717,32780
1364590,1367210,一,32717,32780
1364590,1367210,一,32717,32780
1364590,1367210,一,32717,32780
1364640,1367270,ん,32718,32781
1364640,1367270,ん,32718,32781
1364640,1367270,ん,32718,32781
1364640,1367270,切,32718,32781
1364640,1367270,切,32718,32781
1364640,1367270,切,32718,32781
1364710,1367320,ぶ,32720,32782
1364710,1367320,ぶ,32720,32782
1364710,1367320,ぶ,32720,32782
1364710,1367320,都,32720,32782
1364710,1367320,都,32720,32782
1364710,1367320,都,32720,32782
1364770,1367390,是,32721,32784
1364770,1367390,是,32721,32784
1364770,1367390,是,32721,32784
1364820,1367450,僕,32722,32786
1364820,1367450,僕,32722,32786
1364820,1367450,僕,32722,32786
1364820,1367450,我,32722,32786
1364820,1367450,我,32722,32786
1364820,1367450,我,32722,32786
1364890,1367500,だ,32724,32787
1364890,1367500,だ,32724,32787
1364890,1367500,だ,32724,32787
1364950,1367570,か,32726,32788
1364950,1367570,か,32726,32788
1364950,1367570,か,32726,32788
1365000,1367630,ら,32727,32790
1365000,1367630,ら,32727,32790
1365000,1367630,ら,32727,32790
1366430,1367150,う,32761,32778
1366430,1367150,う,32761,32778
1366430,1367150,う,32761,32778
1366430,1367150,猶,32761,32778
1366430,1367150,猶,32761,32778
1366430,1367150,猶,32761,32778
1366500,1367210,じ,32763,32780
1366500,1367210,じ,32763,32780
1366500,1367210,じ,32763,32780
1366500,1367210,豫,32763,32780
1366500,1367210,豫,32763,32780
1366500,1367210,豫,32763,32780
1366560,1367280,う,32764,32781
1366560,1367280,う,32764,32781
1366560,1367280,う,32764,32781
1366560,1367280,著,32764,32781
1366560,1367280,著,32764,32781
1366560,1367280,著,32764,32781
1366610,1367340,じ,32765,32783
1366610,1367340,じ,32765,32783
1366610,1367340,じ,32765,32783
1366670,1367390,抽,32767,32784
1366670,1367390,抽,32767,32784
1366670,1367390,抽,32767,32784
1366740,1367460,し,32768,32786
1366740,1367460,し,32768,32786
1366740,1367460,し,32768,32786
1366740,1367460,泣,32768,32786
1366740,1367460,泣,32768,32786
1366740,1367460,泣,32768,32786
1366790,1367520,く,32770,32787
1366790,1367520,く,32770,32787
1366790,1367520,く,32770,32787
1366790,1367520,著,32770,32787
1366790,1367520,著,32770,32787
1366790,1367520,著,32770,32787
1366850,1367570,し,32771,32788
1366850,1367570,し,32771,32788
1366850,1367570,し,32771,32788
1366850,1367570,的,32771,32788
1366850,1367570,的,32771,32788
1366850,1367570,的,32771,32788
1366920,1367640,く,32773,32790
1366920,1367640,く,32773,32790
1366920,1367640,く,32773,32790
1366920,1367640,也,32773,32790
1366920,1367640,也,32773,32790
1366920,1367640,也,32773,32790
1366970,1367700,是,32774,32792
1366970,1367700,是,32774,32792
1366970,1367700,是,32774,32792
1367030,1367750,僕,32775,32793
1367030,1367750,僕,32775,32793
1367030,1367750,僕,32775,32793
1367030,1367750,我,32775,32793
1367030,1367750,我,32775,32793
1367030,1367750,我,32775,32793
1367060,1369770,う,32776,32841
1367060,1369770,う,32776,32841
1367060,1369770,う,32776,32841
1367060,1369770,猶,32776,32841
1367060,1369770,猶,32776,32841
1367060,1369770,猶,32776,32841
1367100,1367820,だ,32777,32794
1367100,1367820,だ,32777,32794
1367100,1367820,だ,32777,32794
1367110,1369820,じ,32777,32842
1367110,1369820,じ,32777,32842
1367110,1369820,じ,32777,32842
1367110,1369820,豫,32777,32842
1367110,1369820,豫,32777,32842
1367110,1369820,豫,32777,32842
1367150,1367880,か,32778,32796
1367150,1367880,か,32778,32796
1367150,1367880,か,32778,32796
1367170,1369890,う,32779,32844
1367170,1369890,う,32779,32844
1367170,1369890,う,32779,32844
1367170,1369890,著,32779,32844
1367170,1369890,著,32779,32844
1367170,1369890,著,32779,32844
1367210,1367930,ら,32780,32797
1367210,1367930,ら,32780,32797
1367210,1367930,ら,32780,32797
1367240,1369950,じ,32780,32845
1367240,1369950,じ,32780,32845
1367240,1369950,じ,32780,32845
1367290,1370000,抽,32782,32847
1367290,1370000,抽,32782,32847
1367290,1370000,抽,32782,32847
1367350,1370070,し,32783,32848
1367350,1370070,し,32783,32848
1367350,1370070,し,32783,32848
1367350,1370070,泣,32783,32848
1367350,1370070,泣,32783,32848
1367350,1370070,泣,32783,32848
1367420,1370130,く,32785,32850
1367420,1370130,く,32785,32850
1367420,1370130,く,32785,32850
1367420,1370130,著,32785,32850
1367420,1370130,著,32785,32850
1367420,1370130,著,32785,32850
1367470,1370180,し,32786,32851
1367470,1370180,し,32786,32851
1367470,1370180,し,32786,32851
1367470,1370180,的,32786,32851
1367470,1370180,的,32786,32851
1367470,1370180,的,32786,32851
1367530,1370250,く,32787,32853
1367530,1370250,く,32787,32853
1367530,1370250,く,32787,32853
1367530,1370250,也,32787,32853
1367530,1370250,也,32787,32853
1367530,1370250,也,32787,32853
1367600,1370310,是,32789,32854
1367600,1370310,是,32789,32854
1367600,1370310,是,32789,32854
1367650,1370360,僕,32790,32855
1367650,1370360,僕,32790,32855
1367650,1370360,僕,32790,32855
1367650,1370360,我,32790,32855
1367650,1370360,我,32790,32855
1367650,1370360,我,32790,32855
1367710,1370420,だ,32792,32857
1367710,1370420,だ,32792,32857
1367710,1370420,だ,32792,32857
1367780,1370490,か,32793,32858
1367780,1370490,か,32793,32858
1367780,1370490,か,32793,32858
1367840,1370540,ら,32795,32860
1367840,1370540,ら,32795,32860
1367840,1370540,ら,32795,32860
1369320,1370030,ぜ,32830,32847
1369320,1370030,ぜ,32830,32847
1369320,1370030,ぜ,32830,32847
1369320,1370030,將,32830,32847
1369320,1370030,將,32830,32847
1369320,1370030,將,32830,32847
1369380,1370100,ん,32832,32849
1369380,1370100,ん,32832,32849
1369380,1370100,ん,32832,32849
1369380,1370100,一,32832,32849
1369380,1370100,一,32832,32849
1369380,1370100,一,32832,32849
1369430,1370150,ぶ,32833,32850
1369430,1370150,ぶ,32833,32850
1369430,1370150,ぶ,32833,32850
1369430,1370150,切,32833,32850
1369430,1370150,切,32833,32850
1369430,1370150,切,32833,32850
1369560,1370280,ぜ,32836,32853
1369560,1370280,ぜ,32836,32853
1369560,1370280,ぜ,32836,32853
1369560,1370280,一,32836,32853
1369560,1370280,一,32836,32853
1369560,1370280,一,32836,32853
1369610,1370340,ん,32837,32855
1369610,1370340,ん,32837,32855
1369610,1370340,ん,32837,32855
1369610,1370340,切,32837,32855
1369610,1370340,切,32837,32855
1369610,1370340,切,32837,32855
1369670,1370390,ぶ,32839,32856
1369670,1370390,ぶ,32839,32856
1369670,1370390,ぶ,32839,32856
1369670,1370390,悲,32839,32856
1369670,1370390,悲,32839,32856
1369670,1370390,悲,32839,32856
1369740,1370460,歡,32840,32858
1369740,1370460,歡,32840,32858
1369740,1370460,歡,32840,32858
1369790,1370520,抱,32842,32859
1369790,1370520,抱,32842,32859
1369790,1370520,抱,32842,32859
1369790,1370520,擁,32842,32859
1369790,1370520,擁,32842,32859
1369790,1370520,擁,32842,32859
1369850,1370570,き,32843,32860
1369850,1370570,き,32843,32860
1369850,1370570,き,32843,32860
1369850,1370570,入,32843,32860
1369850,1370570,入,32843,32860
1369850,1370570,入,32843,32860
1369920,1370640,し,32845,32862
1369920,1370640,し,32845,32862
1369920,1370640,し,32845,32862
1369920,1370640,懷,32845,32862
1369920,1370640,懷,32845,32862
1369920,1370640,懷,32845,32862
1369930,1372470,ぜ,32845,32906
1369930,1372470,ぜ,32845,32906
1369930,1372470,ぜ,32845,32906
1369930,1372470,將,32845,32906
1369930,1372470,將,32845,32906
1369930,1372470,將,32845,32906
1369970,1370700,め,32846,32863
1369970,1370700,め,32846,32863
1369970,1370700,め,32846,32863
1369970,1370700,中,32846,32863
1369970,1370700,中,32846,32863
1369970,1370700,中,32846,32863
1370000,1372530,ん,32847,32907
1370000,1372530,ん,32847,32907
1370000,1372530,ん,32847,32907
1370000,1372530,一,32847,32907
1370000,1372530,一,32847,32907
1370000,1372530,一,32847,32907
1370030,1370750,て,32847,32865
1370030,1370750,て,32847,32865
1370030,1370750,て,32847,32865
1370060,1372600,ぶ,32848,32909
1370060,1372600,ぶ,32848,32909
1370060,1372600,ぶ,32848,32909
1370060,1372600,切,32848,32909
1370060,1372600,切,32848,32909
1370060,1372600,切,32848,32909
1370170,1372710,ぜ,32851,32912
1370170,1372710,ぜ,32851,32912
1370170,1372710,ぜ,32851,32912
1370170,1372710,一,32851,32912
1370170,1372710,一,32851,32912
1370170,1372710,一,32851,32912
1370240,1372780,ん,32852,32913
1370240,1372780,ん,32852,32913
1370240,1372780,ん,32852,32913
1370240,1372780,切,32852,32913
1370240,1372780,切,32852,32913
1370240,1372780,切,32852,32913
1370290,1372840,ぶ,32854,32915
1370290,1372840,ぶ,32854,32915
1370290,1372840,ぶ,32854,32915
1370290,1372840,悲,32854,32915
1370290,1372840,悲,32854,32915
1370290,1372840,悲,32854,32915
1370350,1372890,歡,32855,32916
1370350,1372890,歡,32855,32916
1370350,1372890,歡,32855,32916
1370420,1372960,抱,32857,32918
1370420,1372960,抱,32857,32918
1370420,1372960,抱,32857,32918
1370420,1372960,擁,32857,32918
1370420,1372960,擁,32857,32918
1370420,1372960,擁,32857,32918
1370470,1373020,き,32858,32919
1370470,1373020,き,32858,32919
1370470,1373020,き,32858,32919
1370470,1373020,入,32858,32919
1370470,1373020,入,32858,32919
1370470,1373020,入,32858,32919
1370530,1373070,し,32859,32920
1370530,1373070,し,32859,32920
1370530,1373070,し,32859,32920
1370530,1373070,懷,32859,32920
1370530,1373070,懷,32859,32920
1370530,1373070,懷,32859,32920
1370600,1373140,め,32861,32922
1370600,1373140,め,32861,32922
1370600,1373140,め,32861,32922
1370600,1373140,中,32861,32922
1370600,1373140,中,32861,32922
1370600,1373140,中,32861,32922
1370650,1373200,て,32862,32923
1370650,1373200,て,32862,32923
1370650,1373200,て,32862,32923
1371650,1372380,少,32886,32904
1371650,1372380,少,32886,32904
1371650,1372380,少,32886,32904
1371650,1372380,稍,32886,32904
1371650,1372380,稍,32886,32904
1371650,1372380,稍,32886,32904
1371710,1372430,し,32888,32905
1371710,1372430,し,32888,32905
1371710,1372430,し,32888,32905
1371710,1372430,微,32888,32905
1371710,1372430,微,32888,32905
1371710,1372430,微,32888,32905
1371780,1372500,眠,32889,32907
1371780,1372500,眠,32889,32907
1371780,1372500,眠,32889,32907
1371780,1372500,睡,32889,32907
1371780,1372500,睡,32889,32907
1371780,1372500,睡,32889,32907
1371840,1372560,ろ,32891,32908
1371840,1372560,ろ,32891,32908
1371840,1372560,ろ,32891,32908
1371840,1372560,一,32891,32908
1371840,1372560,一,32891,32908
1371840,1372560,一,32891,32908
1371890,1372610,う,32892,32909
1371890,1372610,う,32892,32909
1371890,1372610,う,32892,32909
1371890,1372610,會,32892,32909
1371890,1372610,會,32892,32909
1371890,1372610,會,32892,32909
1371960,1372670,吧,32894,32911
1371960,1372670,吧,32894,32911
1371960,1372670,吧,32894,32911
1372280,1375180,少,32901,32971
1372280,1375180,少,32901,32971
1372280,1375180,少,32901,32971
1372280,1375180,稍,32901,32971
1372280,1375180,稍,32901,32971
1372280,1375180,稍,32901,32971
1372340,1375250,し,32903,32973
1372340,1375250,し,32903,32973
1372340,1375250,し,32903,32973
1372340,1375250,微,32903,32973
1372340,1375250,微,32903,32973
1372340,1375250,微,32903,32973
1372390,1375310,眠,32904,32974
1372390,1375310,眠,32904,32974
1372390,1375310,眠,32904,32974
1372390,1375310,睡,32904,32974
1372390,1375310,睡,32904,32974
1372390,1375310,睡,32904,32974
1372460,1375360,ろ,32906,32975
1372460,1375360,ろ,32906,32975
1372460,1375360,ろ,32906,32975
1372460,1375360,一,32906,32975
1372460,1375360,一,32906,32975
1372460,1375360,一,32906,32975
1372520,1375420,う,32907,32977
1372520,1375420,う,32907,32977
1372520,1375420,う,32907,32977
1372520,1375420,會,32907,32977
1372520,1375420,會,32907,32977
1372520,1375420,會,32907,32977
1372570,1375490,吧,32908,32978
1372570,1375490,吧,32908,32978
1372570,1375490,吧,32908,32978
1374700,1375420,痛,32959,32977
1374700,1375420,痛,32959,32977
1374700,1375420,痛,32959,32977
1374700,1375420,痛,32959,32977
1374700,1375420,痛,32959,32977
1374700,1375420,痛,32959,32977
1374750,1375470,い,32961,32978
1374750,1375470,い,32961,32978
1374750,1375470,い,32961,32978
1374750,1375470,苦,32961,32978
1374750,1375470,苦,32961,32978
1374750,1375470,苦,32961,32978
1374820,1375530,の,32962,32979
1374820,1375530,の,32962,32979
1374820,1375530,の,32962,32979
1374820,1375530,痛,32962,32979
1374820,1375530,痛,32962,32979
1374820,1375530,痛,32962,32979
1374880,1375600,痛,32964,32981
1374880,1375600,痛,32964,32981
1374880,1375600,痛,32964,32981
1374880,1375600,苦,32964,32981
1374880,1375600,苦,32964,32981
1374880,1375600,苦,32964,32981
1374930,1375650,い,32965,32982
1374930,1375650,い,32965,32982
1374930,1375650,い,32965,32982
1374930,1375650,快,32965,32982
1374930,1375650,快,32965,32982
1374930,1375650,快,32965,32982
1375000,1375710,の,32967,32984
1375000,1375710,の,32967,32984
1375000,1375710,の,32967,32984
1375000,1375710,飛,32967,32984
1375000,1375710,飛,32967,32984
1375000,1375710,飛,32967,32984
1375060,1375780,飛,32968,32985
1375060,1375780,飛,32968,32985
1375060,1375780,飛,32968,32985
1375060,1375780,走,32968,32985
1375060,1375780,走,32968,32985
1375060,1375780,走,32968,32985
1375110,1375840,ん,32969,32987
1375110,1375840,ん,32969,32987
1375110,1375840,ん,32969,32987
1375110,1375840,吧,32969,32987
1375110,1375840,吧,32969,32987
1375110,1375840,吧,32969,32987
1375170,1375890,で,32971,32988
1375170,1375890,で,32971,32988
1375170,1375890,で,32971,32988
1375240,1375960,ゆ,32972,32990
1375240,1375960,ゆ,32972,32990
1375240,1375960,ゆ,32972,32990
1375290,1376020,け,32973,32991
1375290,1376020,け,32973,32991
1375290,1376020,け,32973,32991
1375320,1378030,痛,32974,33039
1375320,1378030,痛,32974,33039
1375320,1378030,痛,32974,33039
1375320,1378030,痛,32974,33039
1375320,1378030,痛,32974,33039
1375320,1378030,痛,32974,33039
1375380,1378090,い,32976,33041
1375380,1378090,い,32976,33041
1375380,1378090,い,32976,33041
1375380,1378090,苦,32976,33041
1375380,1378090,苦,32976,33041
1375380,1378090,苦,32976,33041
1375430,1378140,の,32977,33042
1375430,1378140,の,32977,33042
1375430,1378140,の,32977,33042
1375430,1378140,痛,32977,33042
1375430,1378140,痛,32977,33042
1375430,1378140,痛,32977,33042
1375500,1378210,痛,32979,33043
1375500,1378210,痛,32979,33043
1375500,1378210,痛,32979,33043
1375500,1378210,苦,32979,33043
1375500,1378210,苦,32979,33043
1375500,1378210,苦,32979,33043
1375560,1378270,い,32980,33045
1375560,1378270,い,32980,33045
1375560,1378270,い,32980,33045
1375560,1378270,快,32980,33045
1375560,1378270,快,32980,33045
1375560,1378270,快,32980,33045
1375610,1378320,の,32981,33046
1375610,1378320,の,32981,33046
1375610,1378320,の,32981,33046
1375610,1378320,飛,32981,33046
1375610,1378320,飛,32981,33046
1375610,1378320,飛,32981,33046
1375670,1378390,飛,32983,33048
1375670,1378390,飛,32983,33048
1375670,1378390,飛,32983,33048
1375670,1378390,走,32983,33048
1375670,1378390,走,32983,33048
1375670,1378390,走,32983,33048
1375740,1378450,ん,32984,33049
1375740,1378450,ん,32984,33049
1375740,1378450,ん,32984,33049
1375740,1378450,吧,32984,33049
1375740,1378450,吧,32984,33049
1375740,1378450,吧,32984,33049
1375790,1378500,で,32985,33050
1375790,1378500,で,32985,33050
1375790,1378500,で,32985,33050
1375850,1378570,ゆ,32987,33052
1375850,1378570,ゆ,32987,33052
1375850,1378570,ゆ,32987,33052
1375920,1378630,け,32989,33054
1375920,1378630,け,32989,33054
1375920,1378630,け,32989,33054
1377210,1377920,悲,33020,33037
1377210,1377920,悲,33020,33037
1377210,1377920,悲,33020,33037
1377210,1377920,為,33020,33037
1377210,1377920,為,33020,33037
1377210,1377920,為,33020,33037
1377270,1377990,し,33021,33038
1377270,1377990,し,33021,33038
1377270,1377990,し,33021,33038
1377270,1377990,了,33021,33038
1377270,1377990,了,33021,33038
1377270,1377990,了,33021,33038
1377320,1378040,み,33022,33039
1377320,1378040,み,33022,33039
1377320,1378040,み,33022,33039
1377320,1378040,不,33022,33039
1377320,1378040,不,33022,33039
1377320,1378040,不,33022,33039
1377390,1378100,に,33024,33041
1377390,1378100,に,33024,33041
1377390,1378100,に,33024,33041
1377390,1378100,讓,33024,33041
1377390,1378100,讓,33024,33041
1377390,1378100,讓,33024,33041
1377450,1378170,す,33025,33043
1377450,1378170,す,33025,33043
1377450,1378170,す,33025,33043
1377450,1378170,悲,33025,33043
1377450,1378170,悲,33025,33043
1377450,1378170,悲,33025,33043
1377500,1378220,べ,33026,33044
1377500,1378220,べ,33026,33044
1377500,1378220,べ,33026,33044
1377500,1378220,傷,33026,33044
1377500,1378220,傷,33026,33044
1377500,1378220,傷,33026,33044
1377570,1378280,て,33028,33045
1377570,1378280,て,33028,33045
1377570,1378280,て,33028,33045
1377570,1378280,奪,33028,33045
1377570,1378280,奪,33028,33045
1377570,1378280,奪,33028,33045
1377630,1378350,を,33030,33047
1377630,1378350,を,33030,33047
1377630,1378350,を,33030,33047
1377630,1378350,走,33030,33047
1377630,1378350,走,33030,33047
1377630,1378350,走,33030,33047
1377680,1378400,奪,33031,33048
1377680,1378400,奪,33031,33048
1377680,1378400,奪,33031,33048
1377680,1378400,我,33031,33048
1377680,1378400,我,33031,33048
1377680,1378400,我,33031,33048
1377750,1378460,わ,33032,33049
1377750,1378460,わ,33032,33049
1377750,1378460,わ,33032,33049
1377750,1378460,的,33032,33049
1377750,1378460,的,33032,33049
1377750,1378460,的,33032,33049
1377810,1378530,れ,33034,33051
1377810,1378530,れ,33034,33051
1377810,1378530,れ,33034,33051
1377810,1378530,一,33034,33051
1377810,1378530,一,33034,33051
1377810,1378530,一,33034,33051
1377820,1381740,悲,33034,33128
1377820,1381740,悲,33034,33128
1377820,1381740,悲,33034,33128
1377820,1381740,為,33034,33128
1377820,1381740,為,33034,33128
1377820,1381740,為,33034,33128
1377860,1378590,な,33035,33053
1377860,1378590,な,33035,33053
1377860,1378590,な,33035,33053
1377860,1378590,切,33035,33053
1377860,1378590,切,33035,33053
1377860,1378590,切,33035,33053
1377890,1381800,し,33036,33130
1377890,1381800,し,33036,33130
1377890,1381800,し,33036,33130
1377890,1381800,了,33036,33130
1377890,1381800,了,33036,33130
1377890,1381800,了,33036,33130
1377920,1378640,い,33037,33054
1377920,1378640,い,33037,33054
1377920,1378640,い,33037,33054
1377950,1381860,み,33037,33131
1377950,1381860,み,33037,33131
1377950,1381860,み,33037,33131
1377950,1381860,不,33037,33131
1377950,1381860,不,33037,33131
1377950,1381860,不,33037,33131
1377990,1378710,よ,33038,33055
1377990,1378710,よ,33038,33055
1377990,1378710,よ,33038,33055
1378000,1381920,に,33038,33132
1378000,1381920,に,33038,33132
1378000,1381920,に,33038,33132
1378000,1381920,讓,33038,33132
1378000,1381920,讓,33038,33132
1378000,1381920,讓,33038,33132
1378040,1378770,う,33039,33057
1378040,1378770,う,33039,33057
1378040,1378770,う,33039,33057
1378070,1381980,す,33040,33134
1378070,1381980,す,33040,33134
1378070,1381980,す,33040,33134
1378070,1381980,悲,33040,33134
1378070,1381980,悲,33040,33134
1378070,1381980,悲,33040,33134
1378100,1378820,に,33041,33058
1378100,1378820,に,33041,33058
1378100,1378820,に,33041,33058
1378130,1382040,べ,33042,33135
1378130,1382040,べ,33042,33135
1378130,1382040,べ,33042,33135
1378130,1382040,傷,33042,33135
1378130,1382040,傷,33042,33135
1378130,1382040,傷,33042,33135
1378180,1382100,て,33043,33137
1378180,1382100,て,33043,33137
1378180,1382100,て,33043,33137
1378180,1382100,奪,33043,33137
1378180,1382100,奪,33043,33137
1378180,1382100,奪,33043,33137
1378250,1382160,を,33044,33138
1378250,1382160,を,33044,33138
1378250,1382160,を,33044,33138
1378250,1382160,走,33044,33138
1378250,1382160,走,33044,33138
1378250,1382160,走,33044,33138
1378310,1382220,奪,33046,33140
1378310,1382220,奪,33046,33140
1378310,1382220,奪,33046,33140
1378310,1382220,我,33046,33140
1378310,1382220,我,33046,33140
1378310,1382220,我,33046,33140
1378360,1382270,わ,33047,33141
1378360,1382270,わ,33047,33141
1378360,1382270,わ,33047,33141
1378360,1382270,的,33047,33141
1378360,1382270,的,33047,33141
1378360,1382270,的,33047,33141
1378420,1382330,れ,33049,33142
1378420,1382330,れ,33049,33142
1378420,1382330,れ,33049,33142
1378420,1382330,一,33049,33142
1378420,1382330,一,33049,33142
1378420,1382330,一,33049,33142
1378490,1382390,な,33050,33144
1378490,1382390,な,33050,33144
1378490,1382390,な,33050,33144
1378490,1382390,切,33050,33144
1378490,1382390,切,33050,33144
1378490,1382390,切,33050,33144
1378540,1382460,い,33051,33145
1378540,1382460,い,33051,33145
1378540,1382460,い,33051,33145
1378600,1382520,よ,33053,33147
1378600,1382520,よ,33053,33147
1378600,1382520,よ,33053,33147
1378670,1382580,う,33055,33148
1378670,1382580,う,33055,33148
1378670,1382580,う,33055,33148
1378720,1382640,に,33056,33150
1378720,1382640,に,33056,33150
1378720,1382640,に,33056,33150
1381200,1381930,僕,33115,33133
1381200,1381930,僕,33115,33133
1381200,1381930,僕,33115,33133
1381200,1381930,我,33115,33133
1381200,1381930,我,33115,33133
1381200,1381930,我,33115,33133
1381270,1381990,は,33117,33134
1381270,1381990,は,33117,33134
1381270,1381990,は,33117,33134
1381270,1381990,會,33117,33134
1381270,1381990,會,33117,33134
1381270,1381990,會,33117,33134
1381330,1382040,站,33118,33135
1381330,1382040,站,33118,33135
1381330,1382040,站,33118,33135
1381380,1382100,僕,33120,33137
1381380,1382100,僕,33120,33137
1381380,1382100,僕,33120,33137
1381380,1382100,在,33120,33137
1381380,1382100,在,33120,33137
1381380,1382100,在,33120,33137
1381440,1382160,の,33121,33138
1381440,1382160,の,33121,33138
1381440,1382160,の,33121,33138
1381440,1382160,自,33121,33138
1381440,1382160,自,33121,33138
1381440,1382160,自,33121,33138
1381510,1382230,味,33123,33140
1381510,1382230,味,33123,33140
1381510,1382230,味,33123,33140
1381510,1382230,己,33123,33140
1381510,1382230,己,33123,33140
1381510,1382230,己,33123,33140
1381570,1382290,方,33124,33141
1381570,1382290,方,33124,33141
1381570,1382290,方,33124,33141
1381570,1382290,這,33124,33141
1381570,1382290,這,33124,33141
1381570,1382290,這,33124,33141
1381620,1382350,で,33125,33143
1381620,1382350,で,33125,33143
1381620,1382350,で,33125,33143
1381620,1382350,邊,33125,33143
1381620,1382350,邊,33125,33143
1381620,1382350,邊,33125,33143
1381690,1382410,い,33127,33144
1381690,1382410,い,33127,33144
1381690,1382410,い,33127,33144
1381750,1382470,よ,33128,33146
1381750,1382470,よ,33128,33146
1381750,1382470,よ,33128,33146
1381810,1382520,う,33130,33147
1381810,1382520,う,33130,33147
1381810,1382520,う,33130,33147
1381830,1387200,僕,33130,33259
1381830,1387200,僕,33130,33259
1381830,1387200,僕,33130,33259
1381830,1387200,我,33130,33259
1381830,1387200,我,33130,33259
1381830,1387200,我,33130,33259
1381870,1382580,よ,33131,33148
1381870,1382580,よ,33131,33148
1381870,1382580,よ,33131,33148
1381880,1387250,は,33131,33260
1381880,1387250,は,33131,33260
1381880,1387250,は,33131,33260
1381880,1387250,會,33131,33260
1381880,1387250,會,33131,33260
1381880,1387250,會,33131,33260
1381950,1387320,站,33133,33262
1381950,1387320,站,33133,33262
1381950,1387320,站,33133,33262
1382000,1387370,僕,33134,33263
1382000,1387370,僕,33134,33263
1382000,1387370,僕,33134,33263
1382000,1387370,在,33134,33263
1382000,1387370,在,33134,33263
1382000,1387370,在,33134,33263
1382060,1387440,の,33136,33265
1382060,1387440,の,33136,33265
1382060,1387440,の,33136,33265
1382060,1387440,自,33136,33265
1382060,1387440,自,33136,33265
1382060,1387440,自,33136,33265
1382120,1387500,味,33137,33266
1382120,1387500,味,33137,33266
1382120,1387500,味,33137,33266
1382120,1387500,己,33137,33266
1382120,1387500,己,33137,33266
1382120,1387500,己,33137,33266
1382180,1387550,方,33139,33267
1382180,1387550,方,33139,33267
1382180,1387550,方,33139,33267
1382180,1387550,這,33139,33267
1382180,1387550,這,33139,33267
1382180,1387550,這,33139,33267
1382250,1387620,で,33140,33269
1382250,1387620,で,33140,33269
1382250,1387620,で,33140,33269
1382250,1387620,邊,33140,33269
1382250,1387620,邊,33140,33269
1382250,1387620,邊,33140,33269
1382310,1387670,い,33142,33270
1382310,1387670,い,33142,33270
1382310,1387670,い,33142,33270
1382370,1387740,よ,33143,33272
1382370,1387740,よ,33143,33272
1382370,1387740,よ,33143,33272
1382430,1387790,う,33145,33273
1382430,1387790,う,33145,33273
1382430,1387790,う,33145,33273
1382490,1387860,よ,33146,33275
1382490,1387860,よ,33146,33275
1382490,1387860,よ,33146,33275
1386670,1387380,ま,33246,33263
1386670,1387380,ま,33246,33263
1386670,1387380,ま,33246,33263
1386670,1387380,在,33246,33263
1386670,1387380,在,33246,33263
1386670,1387380,在,33246,33263
1386730,1387450,だ,33248,33265
1386730,1387450,だ,33248,33265
1386730,1387450,だ,33248,33265
1386730,1387450,這,33248,33265
1386730,1387450,這,33248,33265
1386730,1387450,這,33248,33265
1386790,1387500,ま,33249,33266
1386790,1387500,ま,33249,33266
1386790,1387500,ま,33249,33266
1386790,1387500,看,33249,33266
1386790,1387500,看,33249,33266
1386790,1387500,看,33249,33266
1386840,1387570,だ,33250,33268
1386840,1387570,だ,33250,33268
1386840,1387570,だ,33250,33268
1386840,1387570,不,33250,33268
1386840,1387570,不,33250,33268
1386840,1387570,不,33250,33268
1386910,1387620,長,33252,33269
1386910,1387620,長,33252,33269
1386910,1387620,長,33252,33269
1386910,1387620,到,33252,33269
1386910,1387620,到,33252,33269
1386910,1387620,到,33252,33269
1386960,1387690,い,33253,33271
1386960,1387690,い,33253,33271
1386960,1387690,い,33253,33271
1386960,1387690,盡,33253,33271
1386960,1387690,盡,33253,33271
1386960,1387690,盡,33253,33271
1387030,1387750,道,33255,33272
1387030,1387750,道,33255,33272
1387030,1387750,道,33255,33272
1387030,1387750,頭,33255,33272
1387030,1387750,頭,33255,33272
1387030,1387750,頭,33255,33272
1387080,1387800,の,33256,33273
1387080,1387800,の,33256,33273
1387080,1387800,の,33256,33273
1387080,1387800,的,33256,33273
1387080,1387800,的,33256,33273
1387080,1387800,的,33256,33273
1387150,1387870,途,33258,33275
1387150,1387870,途,33258,33275
1387150,1387870,途,33258,33275
1387150,1387870,路,33258,33275
1387150,1387870,路,33258,33275
1387150,1387870,路,33258,33275
1387200,1387920,中,33259,33276
1387200,1387920,中,33259,33276
1387200,1387920,中,33259,33276
1387200,1387920,上,33259,33276
1387200,1387920,上,33259,33276
1387200,1387920,上,33259,33276
1387290,1391160,ま,33261,33354
1387290,1391160,ま,33261,33354
1387290,1391160,ま,33261,33354
1387290,1391160,在,33261,33354
1387290,1391160,在,33261,33354
1387290,1391160,在,33261,33354
1387340,1391220,だ,33262,33355
1387340,1391220,だ,33262,33355
1387340,1391220,だ,33262,33355
1387340,1391220,這,33262,33355
1387340,1391220,這,33262,33355
1387340,1391220,這,33262,33355
1387410,1391270,ま,33264,33357
1387410,1391270,ま,33264,33357
1387410,1391270,ま,33264,33357
1387410,1391270,看,33264,33357
1387410,1391270,看,33264,33357
1387410,1391270,看,33264,33357
1387460,1391330,だ,33265,33358
1387460,1391330,だ,33265,33358
1387460,1391330,だ,33265,33358
1387460,1391330,不,33265,33358
1387460,1391330,不,33265,33358
1387460,1391330,不,33265,33358
1387530,1391400,長,33267,33360
1387530,1391400,長,33267,33360
1387530,1391400,長,33267,33360
1387530,1391400,到,33267,33360
1387530,1391400,到,33267,33360
1387530,1391400,到,33267,33360
1387580,1391460,い,33268,33361
1387580,1391460,い,33268,33361
1387580,1391460,い,33268,33361
1387580,1391460,盡,33268,33361
1387580,1391460,盡,33268,33361
1387580,1391460,盡,33268,33361
1387650,1391510,道,33270,33362
1387650,1391510,道,33270,33362
1387650,1391510,道,33270,33362
1387650,1391510,頭,33270,33362
1387650,1391510,頭,33270,33362
1387650,1391510,頭,33270,33362
1387710,1391580,の,33271,33364
1387710,1391580,の,33271,33364
1387710,1391580,の,33271,33364
1387710,1391580,的,33271,33364
1387710,1391580,的,33271,33364
1387710,1391580,的,33271,33364
1387760,1391640,途,33272,33365
1387760,1391640,途,33272,33365
1387760,1391640,途,33272,33365
1387760,1391640,路,33272,33365
1387760,1391640,路,33272,33365
1387760,1391640,路,33272,33365
1387830,1391690,中,33274,33367
1387830,1391690,中,33274,33367
1387830,1391690,中,33274,33367
1387830,1391690,上,33274,33367
1387830,1391690,上,33274,33367
1387830,1391690,上,33274,33367
1390750,1391480,ち,33344,33362
1390750,1391480,ち,33344,33362
1390750,1391480,ち,33344,33362
1390750,1391480,即,33344,33362
1390750,1391480,即,33344,33362
1390750,1391480,即,33344,33362
1390820,1391530,ょ,33346,33363
1390820,1391530,ょ,33346,33363
1390820,1391530,ょ,33346,33363
1390820,1391530,便,33346,33363
1390820,1391530,便,33346,33363
1390820,1391530,便,33346,33363
1390880,1391590,っ,33347,33364
1390880,1391590,っ,33347,33364
1390880,1391590,っ,33347,33364
1390880,1391590,稍,33347,33364
1390880,1391590,稍,33347,33364
1390880,1391590,稍,33347,33364
1390930,1391660,と,33348,33366
1390930,1391660,と,33348,33366
1390930,1391660,と,33348,33366
1390930,1391660,微,33348,33366
1390930,1391660,微,33348,33366
1390930,1391660,微,33348,33366
1391000,1391720,く,33350,33367
1391000,1391720,く,33350,33367
1391000,1391720,く,33350,33367
1391000,1391720,休,33350,33367
1391000,1391720,休,33350,33367
1391000,1391720,休,33350,33367
1391060,1391770,ら,33352,33369
1391060,1391770,ら,33352,33369
1391060,1391770,ら,33352,33369
1391060,1391770,息,33352,33369
1391060,1391770,息,33352,33369
1391060,1391770,息,33352,33369
1391110,1391830,い,33353,33370
1391110,1391830,い,33353,33370
1391110,1391830,い,33353,33370
1391110,1391830,片,33353,33370
1391110,1391830,片,33353,33370
1391110,1391830,片,33353,33370
1391170,1391900,休,33354,33372
1391170,1391900,休,33354,33372
1391170,1391900,休,33354,33372
1391170,1391900,刻,33354,33372
1391170,1391900,刻,33354,33372
1391170,1391900,刻,33354,33372
1391240,1391960,憩,33356,33373
1391240,1391960,憩,33356,33373
1391240,1391960,憩,33356,33373
1391300,1392010,し,33357,33374
1391300,1392010,し,33357,33374
1391300,1392010,し,33357,33374
1391350,1392080,た,33359,33376
1391350,1392080,た,33359,33376
1391350,1392080,た,33359,33376
1391380,1396710,ち,33359,33487
1391380,1396710,ち,33359,33487
1391380,1396710,ち,33359,33487
1391380,1396710,即,33359,33487
1391380,1396710,即,33359,33487
1391380,1396710,即,33359,33487
1391410,1392140,っ,33360,33377
1391410,1392140,っ,33360,33377
1391410,1392140,っ,33360,33377
1391430,1396760,ょ,33360,33488
1391430,1396760,ょ,33360,33488
1391430,1396760,ょ,33360,33488
1391430,1396760,便,33360,33488
1391430,1396760,便,33360,33488
1391430,1396760,便,33360,33488
1391480,1392190,て,33362,33379
1391480,1392190,て,33362,33379
1391480,1392190,て,33362,33379
1391500,1396820,っ,33362,33490
1391500,1396820,っ,33362,33490
1391500,1396820,っ,33362,33490
1391500,1396820,稍,33362,33490
1391500,1396820,稍,33362,33490
1391500,1396820,稍,33362,33490
1391560,1396890,と,33364,33491
1391560,1396890,と,33364,33491
1391560,1396890,と,33364,33491
1391560,1396890,微,33364,33491
1391560,1396890,微,33364,33491
1391560,1396890,微,33364,33491
1391610,1396940,く,33365,33493
1391610,1396940,く,33365,33493
1391610,1396940,く,33365,33493
1391610,1396940,休,33365,33493
1391610,1396940,休,33365,33493
1391610,1396940,休,33365,33493
1391670,1397010,ら,33366,33494
1391670,1397010,ら,33366,33494
1391670,1397010,ら,33366,33494
1391670,1397010,息,33366,33494
1391670,1397010,息,33366,33494
1391670,1397010,息,33366,33494
1391740,1397070,い,33368,33496
1391740,1397070,い,33368,33496
1391740,1397070,い,33368,33496
1391740,1397070,片,33368,33496
1391740,1397070,片,33368,33496
1391740,1397070,片,33368,33496
1391800,1397120,休,33369,33497
1391800,1397120,休,33369,33497
1391800,1397120,休,33369,33497
1391800,1397120,刻,33369,33497
1391800,1397120,刻,33369,33497
1391800,1397120,刻,33369,33497
1391850,1397190,憩,33371,33499
1391850,1397190,憩,33371,33499
1391850,1397190,憩,33371,33499
1391920,1397250,し,33372,33500
1391920,1397250,し,33372,33500
1391920,1397250,し,33372,33500
1391980,1397300,た,33374,33501
1391980,1397300,た,33374,33501
1391980,1397300,た,33374,33501
1392030,1397370,っ,33375,33503
1392030,1397370,っ,33375,33503
1392030,1397370,っ,33375,33503
1392090,1397420,て,33376,33504
1392090,1397420,て,33376,33504
1392090,1397420,て,33376,33504
1396210,1396940,誰,33475,33493
1396210,1396940,誰,33475,33493
1396210,1396940,誰,33475,33493
1396210,1396940,也,33475,33493
1396210,1396940,也,33475,33493
1396210,1396940,也,33475,33493
1396280,1397000,に,33477,33494
1396280,1397000,に,33477,33494
1396280,1397000,に,33477,33494
1396280,1397000,不,33477,33494
1396280,1397000,不,33477,33494
1396280,1397000,不,33477,33494
1396330,1397050,も,33478,33495
1396330,1397050,も,33478,33495
1396330,1397050,も,33478,33495
1396330,1397050,會,33478,33495
1396330,1397050,會,33478,33495
1396330,1397050,會,33478,33495
1396390,1397120,叱,33479,33497
1396390,1397120,叱,33479,33497
1396390,1397120,叱,33479,33497
1396390,1397120,有,33479,33497
1396390,1397120,有,33479,33497
1396390,1397120,有,33479,33497
1396460,1397170,ら,33481,33498
1396460,1397170,ら,33481,33498
1396460,1397170,ら,33481,33498
1396460,1397170,誰,33481,33498
1396460,1397170,誰,33481,33498
1396460,1397170,誰,33481,33498
1396510,1397230,れ,33482,33500
1396510,1397230,れ,33482,33500
1396510,1397230,れ,33482,33500
1396510,1397230,來,33482,33500
1396510,1397230,來,33482,33500
1396510,1397230,來,33482,33500
1396570,1397300,は,33484,33501
1396570,1397300,は,33484,33501
1396570,1397300,は,33484,33501
1396570,1397300,指,33484,33501
1396570,1397300,指,33484,33501
1396570,1397300,指,33484,33501
1396640,1397350,し,33485,33502
1396640,1397350,し,33485,33502
1396640,1397350,し,33485,33502
1396640,1397350,責,33485,33502
1396640,1397350,責,33485,33502
1396640,1397350,責,33485,33502
1396690,1397420,な,33487,33504
1396690,1397420,な,33487,33504
1396690,1397420,な,33487,33504
1396760,1397480,い,33488,33506
1396760,1397480,い,33488,33506
1396760,1397480,い,33488,33506
1396820,1397530,か,33490,33507
1396820,1397530,か,33490,33507
1396820,1397530,か,33490,33507
1396830,1404510,誰,33490,33674
1396830,1404510,誰,33490,33674
1396830,1404510,誰,33490,33674
1396830,1404510,也,33490,33674
1396830,1404510,也,33490,33674
1396830,1404510,也,33490,33674
1396870,1397600,ら,33491,33508
1396870,1397600,ら,33491,33508
1396870,1397600,ら,33491,33508
1396890,1404570,に,33491,33676
1396890,1404570,に,33491,33676
1396890,1404570,に,33491,33676
1396890,1404570,不,33491,33676
1396890,1404570,不,33491,33676
1396890,1404570,不,33491,33676
1396960,1404620,も,33493,33677
1396960,1404620,も,33493,33677
1396960,1404620,も,33493,33677
1396960,1404620,會,33493,33677
1396960,1404620,會,33493,33677
1396960,1404620,會,33493,33677
1397010,1404690,叱,33494,33678
1397010,1404690,叱,33494,33678
1397010,1404690,叱,33494,33678
1397010,1404690,有,33494,33678
1397010,1404690,有,33494,33678
1397010,1404690,有,33494,33678
1397070,1404750,ら,33496,33680
1397070,1404750,ら,33496,33680
1397070,1404750,ら,33496,33680
1397070,1404750,誰,33496,33680
1397070,1404750,誰,33496,33680
1397070,1404750,誰,33496,33680
1397140,1404800,れ,33497,33681
1397140,1404800,れ,33497,33681
1397140,1404800,れ,33497,33681
1397140,1404800,來,33497,33681
1397140,1404800,來,33497,33681
1397140,1404800,來,33497,33681
1397190,1404870,は,33499,33683
1397190,1404870,は,33499,33683
1397190,1404870,は,33499,33683
1397190,1404870,指,33499,33683
1397190,1404870,指,33499,33683
1397190,1404870,指,33499,33683
1397260,1404920,し,33500,33684
1397260,1404920,し,33500,33684
1397260,1404920,し,33500,33684
1397260,1404920,責,33500,33684
1397260,1404920,責,33500,33684
1397260,1404920,責,33500,33684
1397320,1404980,な,33502,33685
1397320,1404980,な,33502,33685
1397320,1404980,な,33502,33685
1397370,1405050,い,33503,33687
1397370,1405050,い,33503,33687
1397370,1405050,い,33503,33687
1397440,1405100,か,33505,33688
1397440,1405100,か,33505,33688
1397440,1405100,か,33505,33688
1397500,1405170,ら,33506,33690
1397500,1405170,ら,33506,33690
1397500,1405170,ら,33506,33690
1411050,1420020,即便如此,33831,34046
